﻿<?xml version="1.0" encoding="utf-8"?>
<doc>
  <assembly>
    <name>Microsoft.Data.Entity.Design.DatabaseGeneration</name>
  </assembly>
  <members>
    <member name="T:Microsoft.Data.Entity.Design.DatabaseGeneration.EdmConstants">
      <summary>Definiert Konstanten, die von den Klassen in den Namespaces <see cref="N:Microsoft.Data.Entity.Design.DatabaseGeneration" />, <see cref="N:Microsoft.Data.Entity.Design.DatabaseGeneration.Activities" /> und <see cref="N:Microsoft.Data.Entity.Design.DatabaseGeneration.OutputGenerators" /> beim Generieren einer Datenbank aus einem konzeptionellen Modell verwendet werden.</summary>
    </member>
    <member name="M:Microsoft.Data.Entity.Design.DatabaseGeneration.EdmConstants.#ctor">
      <summary>Instanziiert eine neue Instanz der <see cref="T:Microsoft.Data.Entity.Design.DatabaseGeneration.EdmConstants" />-Klasse.</summary>
    </member>
    <member name="F:Microsoft.Data.Entity.Design.DatabaseGeneration.EdmConstants.csdlInputName">
      <summary>Ein schreibgeschütztes Feld, das der Name des Workflow-In-Arguments ist, das die eingehende konzeptionelle Schemadefinitionssprache (CSDL) darstellt.</summary>
    </member>
    <member name="F:Microsoft.Data.Entity.Design.DatabaseGeneration.EdmConstants.ddlOutputName">
      <summary>Ein schreibgeschütztes Feld, das der Name des Workflow-Out-Arguments ist, das die generierte Datendefinitionssprache (DDL) darstellt.</summary>
    </member>
    <member name="F:Microsoft.Data.Entity.Design.DatabaseGeneration.EdmConstants.existingMslInputName">
      <summary>Ein schreibgeschütztes Feld, das der Name des Workflow-In-Arguments ist, das die eingehende Mapping-Spezifikationssprache (MSL) darstellt (falls vorhanden).</summary>
    </member>
    <member name="F:Microsoft.Data.Entity.Design.DatabaseGeneration.EdmConstants.existingSsdlInputName">
      <summary>Ein schreibgeschütztes Feld, das der Name des Workflow-In-Arguments ist, das die eingehende Datenspeicherschema-Definitonssprache (SSDL) darstellt (falls vorhanden).</summary>
    </member>
    <member name="F:Microsoft.Data.Entity.Design.DatabaseGeneration.EdmConstants.mslOutputName">
      <summary>Ein schreibgeschütztes Feld, das der Name des Workflow-Out-Arguments ist, das die generierte Mapping-Spezifikationssprache (MSL) darstellt.</summary>
    </member>
    <member name="F:Microsoft.Data.Entity.Design.DatabaseGeneration.EdmConstants.ssdlOutputName">
      <summary>Ein schreibgeschütztes Feld, das der Name des Workflow-Out-Arguments ist, das die generierte Datenspeicherschema-Definitonssprache (SSDL) darstellt.</summary>
    </member>
    <member name="T:Microsoft.Data.Entity.Design.DatabaseGeneration.EdmExtension">
      <summary>Stellt Hilfsmethoden für Klassen in den Namespaces <see cref="N:Microsoft.Data.Entity.Design.DatabaseGeneration" />, <see cref="N:Microsoft.Data.Entity.Design.DatabaseGeneration.Activities" /> und <see cref="N:Microsoft.Data.Entity.Design.DatabaseGeneration.OutputGenerators" />zum Generieren und Überprüfen von <see cref="T:System.Data.Metadata.Edm.ItemCollection" />s bereit.</summary>
    </member>
    <member name="M:Microsoft.Data.Entity.Design.DatabaseGeneration.EdmExtension.CreateAndValidateEdmItemCollection(System.String,System.Version)">
      <summary>Konvertiert eine Zeichenfolgendarstellung der konzeptionellen Schemadefinitionssprache (CSDL) in eine <see cref="T:System.Data.Metadata.Edm.EdmItemCollection" /> und überprüft sie.</summary>
      <returns>CSDL als <see cref="T:System.Data.Metadata.Edm.EdmItemCollection" />.</returns>
      <param name="csdl">Metadaten des konzeptionellen Modells als Zeichenfolge.</param>
      <param name="targetFrameworkVersion">Die Zielversion von Entity Framework.</param>
    </member>
    <member name="M:Microsoft.Data.Entity.Design.DatabaseGeneration.EdmExtension.CreateAndValidateStoreItemCollection(System.String,System.Version,System.Boolean,System.Boolean)">
      <summary>Konvertiert eine Zeichenfolgendarstellung der Datenspeicherschema-Definitionssprache (SSDL) in eine <see cref="T:System.Data.Metadata.Edm.StoreItemCollection" /> und überprüft sie.</summary>
      <returns>SSDL als <see cref="T:System.Data.Metadata.Edm.StoreItemCollection" />.</returns>
      <param name="ssdl">SSDL als Zeichenfolge.</param>
      <param name="targetFrameworkVersion">Die Zielversion von Entity Framework.</param>
      <param name="throwOnError">Ermittelt, ob Ausnahmen ausgelöst werden sollen, wenn Fehler während der <see cref="T:System.Data.Metadata.Edm.StoreItemCollection" />-Generierung und beim Validierungsprozess auftreten. </param>
      <param name="catchThrowNamingConflicts">Ermittelt, ob Ausnahmen ausgelöst werden sollen, wenn ein Namenskonflikt in der generierten <see cref="T:System.Data.Metadata.Edm.StoreItemCollection" /> vorhanden ist.</param>
    </member>
    <member name="M:Microsoft.Data.Entity.Design.DatabaseGeneration.EdmExtension.CreateStoreItemCollection(System.String,System.Version,System.Collections.Generic.IList{System.Data.Metadata.Edm.EdmSchemaError}@)">
      <summary>Konvertiert eine Zeichenfolgendarstellung der Datenspeicherschema-Definitonssprache (SSDL) in eine <see cref="T:System.Data.Metadata.Edm.StoreItemCollection" />.</summary>
      <returns>SSDL als <see cref="T:System.Data.Metadata.Edm.StoreItemCollection" />.</returns>
      <param name="ssdl">SSDL als Zeichenfolge.</param>
      <param name="targetFrameworkVersion">Die Zielversion von Entity Framework.</param>
      <param name="edmErrors">Ein Ausgabeparameter, der eine Liste von Fehlern enthält, die während der Generierung der <see cref="T:System.Data.Metadata.Edm.StoreItemCollection" /> aufgetreten sind.</param>
    </member>
    <member name="M:Microsoft.Data.Entity.Design.DatabaseGeneration.EdmExtension.GetInvalidCharsException(System.String)">
      <summary>Gibt eine lokalisierte Ausnahme vom Datenbankgenerierungsprozess zurück, wenn der in der Datenspeicherschema-Definitonssprache (SSDL) bereitgestellte Name ungültige Zeichen für die Zieldatenbank enthält.</summary>
      <returns>Eine lokalisierte Ausnahme vom Datenbankgenerierungsprozess, wenn der in der Datenspeicherschema-Definitonssprache (SSDL) bereitgestellte Name ungültige Zeichen für die Zieldatenbank enthält.</returns>
      <param name="userInput">Der Objektname, der ungültige Zeichen enthält.</param>
    </member>
    <member name="T:Microsoft.Data.Entity.Design.DatabaseGeneration.EdmParameterBag">
      <summary>Stellt Werte für die Parameter bereit, die in der <see cref="T:Microsoft.Data.Entity.Design.DatabaseGeneration.EdmParameterBag.ParameterName" />-Enumeration definiert sind. </summary>
    </member>
    <member name="M:Microsoft.Data.Entity.Design.DatabaseGeneration.EdmParameterBag.#ctor(System.Threading.SynchronizationContext,Microsoft.Data.Entity.Design.DatabaseGeneration.IAssemblyLoader,System.Version,System.String,System.String,System.String,System.String,System.String,System.String,System.String)">
      <summary>Erstellt eine neue Instanz von <see cref="T:Microsoft.Data.Entity.Design.DatabaseGeneration.EdmParameterBag" />.</summary>
      <param name="syncContext">Der Zustand des Benutzeroberflächenthreads in Visual Studio.</param>
      <param name="assemblyLoader">Lädt Projekt- und Websiteverweise.</param>
      <param name="targetVersion">Die Zielversion des Entity Framework.</param>
      <param name="providerInvariantName">Der invariante Name des Anbieters.</param>
      <param name="providerManifestToken">Das Manifesttoken des Anbieters.</param>
      <param name="providerConnectionString">Der Verbindungszeichenfolge des Anbieters.</param>
      <param name="databaseSchemaName">Der Name des Schemas der generierten Datenbank.</param>
      <param name="databaseName">Der Name der generierten Datenbank.</param>
      <param name="ddlTemplatePath">Den Pfad, in den die generierte Datenbeschreibungssprache (DDL) geschrieben wird.</param>
      <param name="edmxPath">Den Pfad, in den die generierte EDMX-Datei geschrieben wird.</param>
    </member>
    <member name="M:Microsoft.Data.Entity.Design.DatabaseGeneration.EdmParameterBag.GetParameter``1(Microsoft.Data.Entity.Design.DatabaseGeneration.EdmParameterBag.ParameterName)">
      <summary>Gibt den Wert des Parameters für den angegebenen <see cref="T:Microsoft.Data.Entity.Design.DatabaseGeneration.EdmParameterBag.ParameterName" /> zurück.</summary>
      <returns>Der Wert des Parameters für den angegebenen <see cref="T:Microsoft.Data.Entity.Design.DatabaseGeneration.EdmParameterBag.ParameterName" />.</returns>
      <param name="parameterName">Der Name des Parameters.</param>
      <typeparam name="T">Der Typ des Parameters mit dem Namen <paramref name="parameterName" />.</typeparam>
    </member>
    <member name="T:Microsoft.Data.Entity.Design.DatabaseGeneration.EdmParameterBag.ParameterName">
      <summary>Eine Enumeration von Parameternamen, die von Klassen im <see cref="N:Microsoft.Data.Entity.Design.DatabaseGeneration.OutputGenerators" />-Namespace beim Generieren einer Datenbank aus einem konzeptionellen Modell verwendet werden.</summary>
    </member>
    <member name="F:Microsoft.Data.Entity.Design.DatabaseGeneration.EdmParameterBag.ParameterName.SynchronizationContext">
      <summary>Der <see cref="T:System.Threading.SynchronizationContext" />, der den Zustand des Benutzeroberflächenthreads in Visual Studio darstellt.</summary>
    </member>
    <member name="F:Microsoft.Data.Entity.Design.DatabaseGeneration.EdmParameterBag.ParameterName.AssemblyLoader">
      <summary>Der Name des <see cref="T:Microsoft.Data.Entity.Design.DatabaseGeneration.IAssemblyLoader" />-Parameterobjekts, das verwendet wurde, um eine Assembly aufzulösen und anhand des Namens zu laden.</summary>
    </member>
    <member name="F:Microsoft.Data.Entity.Design.DatabaseGeneration.EdmParameterBag.ParameterName.TargetVersion">
      <summary>Die Zielversion von Entity Framework.</summary>
    </member>
    <member name="F:Microsoft.Data.Entity.Design.DatabaseGeneration.EdmParameterBag.ParameterName.ProviderInvariantName">
      <summary>Der invariante Name des Anbieters.</summary>
    </member>
    <member name="F:Microsoft.Data.Entity.Design.DatabaseGeneration.EdmParameterBag.ParameterName.ProviderManifestToken">
      <summary>Das Anbietermanifesttoken.</summary>
    </member>
    <member name="F:Microsoft.Data.Entity.Design.DatabaseGeneration.EdmParameterBag.ParameterName.ProviderConnectionString">
      <summary>Die Verbindungszeichenfolge des Anbieters.</summary>
    </member>
    <member name="F:Microsoft.Data.Entity.Design.DatabaseGeneration.EdmParameterBag.ParameterName.DatabaseSchemaName">
      <summary>Der Name des Schemas der generierten Datenbank.</summary>
    </member>
    <member name="F:Microsoft.Data.Entity.Design.DatabaseGeneration.EdmParameterBag.ParameterName.DatabaseName">
      <summary>Der Name der generierten Datenbank.</summary>
    </member>
    <member name="F:Microsoft.Data.Entity.Design.DatabaseGeneration.EdmParameterBag.ParameterName.DDLTemplatePath">
      <summary>Der Pfad zu der Textvorlage, die zum Generieren der Datendefinitionssprache (DDL) verwendet wird.</summary>
    </member>
    <member name="F:Microsoft.Data.Entity.Design.DatabaseGeneration.EdmParameterBag.ParameterName.EdmxPath">
      <summary>Der Pfad zu der EDMX-Datei, von der der Assistent zum Generieren von Datenbanken gestartet wurde.</summary>
    </member>
    <member name="T:Microsoft.Data.Entity.Design.DatabaseGeneration.IAssemblyLoader">
      <summary>Löst Workflow-OutputGenerators auf.</summary>
    </member>
    <member name="M:Microsoft.Data.Entity.Design.DatabaseGeneration.IAssemblyLoader.LoadAssembly(System.String)">
      <summary>Versucht, eine Assembly zu laden.</summary>
      <returns>Der aufgelöste Assemblyverweis.</returns>
      <param name="assemblyName">Der Name der zu ladenden Assembly.</param>
    </member>
    <member name="T:Microsoft.Data.Entity.Design.DatabaseGeneration.MetadataWorkspaceExtensions">
      <summary>Stellt Erweiterungsmethoden zum Navigieren und Abfragen von Elementauflistungen im <see cref="N:System.Data.Metadata.Edm" />-Namespace bereit.</summary>
    </member>
    <member name="M:Microsoft.Data.Entity.Design.DatabaseGeneration.MetadataWorkspaceExtensions.GetAllAssociations(System.Data.Metadata.Edm.ItemCollection)">
      <summary>Gibt in der angegebenen <see cref="T:System.Data.Metadata.Edm.ItemCollection" /> eine aufzählbare Auflistung aller <see cref="T:System.Data.Metadata.Edm.AssociationType" />-Objekte zurück.</summary>
      <returns>Eine aufzählbare Auflistung aller <see cref="T:System.Data.Metadata.Edm.AssociationType" />-Objekte in der angegebenen <see cref="T:System.Data.Metadata.Edm.ItemCollection" />.</returns>
      <param name="itemCollection">Eine Auflistung von Metadaten im Speicher.</param>
    </member>
    <member name="M:Microsoft.Data.Entity.Design.DatabaseGeneration.MetadataWorkspaceExtensions.GetAllAssociationSets(System.Data.Metadata.Edm.ItemCollection)">
      <summary>Gibt in der angegebenen <see cref="T:System.Data.Metadata.Edm.ItemCollection" /> eine aufzählbare Auflistung aller <see cref="T:System.Data.Metadata.Edm.AssociationSet" />-Objekte zurück.</summary>
      <returns>Eine aufzählbare Auflistung aller <see cref="T:System.Data.Metadata.Edm.AssociationSet" />-Objekte in der angegebenen <see cref="T:System.Data.Metadata.Edm.ItemCollection" />.</returns>
      <param name="itemCollection">Eine Auflistung von Metadaten im Speicher.</param>
    </member>
    <member name="M:Microsoft.Data.Entity.Design.DatabaseGeneration.MetadataWorkspaceExtensions.GetAllEntitySets(System.Data.Metadata.Edm.ItemCollection)">
      <summary>Gibt in der angegebenen <see cref="T:System.Data.Metadata.Edm.ItemCollection" /> eine aufzählbare Auflistung aller <see cref="T:System.Data.Metadata.Edm.EntitySet" />-Objekte zurück.</summary>
      <returns>Eine aufzählbare Auflistung aller <see cref="T:System.Data.Metadata.Edm.EntitySet" />-Objekte in der angegebenen <see cref="T:System.Data.Metadata.Edm.ItemCollection" />.</returns>
      <param name="itemCollection">Eine Auflistung von Metadaten im Speicher.</param>
    </member>
    <member name="M:Microsoft.Data.Entity.Design.DatabaseGeneration.MetadataWorkspaceExtensions.GetAllEntityTypes(System.Data.Metadata.Edm.ItemCollection)">
      <summary>Gibt in der angegebenen <see cref="T:System.Data.Metadata.Edm.ItemCollection" /> eine aufzählbare Auflistung aller <see cref="T:System.Data.Metadata.Edm.EntityType" />-Objekte zurück.</summary>
      <returns>Eine aufzählbare Auflistung aller <see cref="T:System.Data.Metadata.Edm.EntityType" />-Objekte in der angegebenen <see cref="T:System.Data.Metadata.Edm.ItemCollection" />.</returns>
      <param name="itemCollection">Eine Auflistung von Metadaten im Speicher.</param>
    </member>
    <member name="M:Microsoft.Data.Entity.Design.DatabaseGeneration.MetadataWorkspaceExtensions.GetAllReferentialConstraints(System.Data.Metadata.Edm.StoreItemCollection)">
      <summary>Gibt in der angegebenen <see cref="T:System.Data.Metadata.Edm.StoreItemCollection" /> eine aufzählbare Auflistung aller <see cref="T:System.Data.Metadata.Edm.ReferentialConstraint" />-Objekte zurück.</summary>
      <returns>Eine aufzählbare Auflistung aller <see cref="T:System.Data.Metadata.Edm.ReferentialConstraint" />-Objekte in der angegebenen <see cref="T:System.Data.Metadata.Edm.StoreItemCollection" />.</returns>
      <param name="storeItemCollection">Eine Auflistung von Speichermodellmetadaten im Speicher.</param>
    </member>
    <member name="M:Microsoft.Data.Entity.Design.DatabaseGeneration.MetadataWorkspaceExtensions.GetAssociation(System.Data.Metadata.Edm.AssociationSet)">
      <summary>Gibt das <see cref="T:System.Data.Metadata.Edm.AssociationType" />-Objekt im angegebenen <see cref="T:System.Data.Metadata.Edm.AssociationSet" />-Objekts zurück.</summary>
      <returns>Das <see cref="T:System.Data.Metadata.Edm.AssociationType" />-Objekt in dem angegebenen <see cref="T:System.Data.Metadata.Edm.AssociationSet" />.</returns>
      <param name="associationSet">Ein Zuordnungssatz in einem konzeptionellen Modell.</param>
    </member>
    <member name="M:Microsoft.Data.Entity.Design.DatabaseGeneration.MetadataWorkspaceExtensions.GetContainingTypes(System.Data.Metadata.Edm.EntitySet,System.Data.Metadata.Edm.ItemCollection)">
      <summary>Gibt in dem angegebenen <see cref="T:System.Data.Metadata.Edm.EntitySet" /> und der <see cref="T:System.Data.Metadata.Edm.ItemCollection" /> eine Auflistung aller <see cref="T:System.Data.Metadata.Edm.EntityType" />-Objekte zurück.</summary>
      <returns>Eine Auflistung aller <see cref="T:System.Data.Metadata.Edm.EntitySet" />-Objekte innerhalb des angegebenen <see cref="T:System.Data.Metadata.Edm.ItemCollection" />-Objekte und  <see cref="T:System.Data.Metadata.Edm.EntityType" />-Objekte.</returns>
      <param name="set">Ein Entitätssatz in einem konzeptionellen Modell.</param>
      <param name="itemCollection">Eine Auflistung von Metadaten im Speicher.</param>
    </member>
    <member name="M:Microsoft.Data.Entity.Design.DatabaseGeneration.MetadataWorkspaceExtensions.GetDbProviderManifest(System.String,System.String)">
      <summary>Gibt das <see cref="T:System.Data.Common.DbProviderManifest" /> für den Anbieter zurück, der den angegebenen invarianten Namen und das Manifesttoken aufweist.</summary>
      <returns>Das <see cref="T:System.Data.Common.DbProviderManifest" /> für den Anbieter zurück, der den angegebenen invarianten Namen und das Manifesttoken aufweist.</returns>
      <param name="providerInvariantName">Der invariante Name des Anbieters.</param>
      <param name="providerManifestToken">Das Manifesttoken des Anbieters.</param>
    </member>
    <member name="M:Microsoft.Data.Entity.Design.DatabaseGeneration.MetadataWorkspaceExtensions.GetDependentEnd(System.Data.Metadata.Edm.AssociationType)">
      <summary>Gibt das abhängige Ende des angegebenen <see cref="T:System.Data.Metadata.Edm.AssociationType" />-Objekts zurück.</summary>
      <returns>Das abhängige Ende des angegebenen <see cref="T:System.Data.Metadata.Edm.AssociationType" />-Objekts.</returns>
      <param name="association">Eine Zuordnung in einem konzeptionellen Modell.</param>
    </member>
    <member name="M:Microsoft.Data.Entity.Design.DatabaseGeneration.MetadataWorkspaceExtensions.GetDependentProperty(System.Data.Metadata.Edm.EdmProperty,System.Data.Metadata.Edm.ReferentialConstraint)">
      <summary>Gibt die Eigenschaft am abhängigen Ende der angegebenen referenziellen Einschränkung zurück, die der Eigenschaft am Prinzipalende entspricht.</summary>
      <returns>Die Eigenschaft an dem abhängigen Ende der angegebenen referenziellen Einschränkung, die der Eigenschaft an dem Prinzipalende entspricht.</returns>
      <param name="property">Die Eigenschaft an dem Prinzipalende der angegebenen referenziellen Einschränkung.</param>
      <param name="refConstraint">Eine referenzielle Einschränkung für ein konzeptionelles Modell.</param>
    </member>
    <member name="M:Microsoft.Data.Entity.Design.DatabaseGeneration.MetadataWorkspaceExtensions.GetEnd1(System.Data.Metadata.Edm.AssociationType)">
      <summary>Gibt das erste <see cref="T:System.Data.Metadata.Edm.AssociationEndMember" /> in der <see cref="P:System.Data.Metadata.Edm.AssociationType.AssociationEndMembers" />-Eigenschaft des angegebenen <see cref="T:System.Data.Metadata.Edm.AssociationType" /> zurück.</summary>
      <returns>Der erste <see cref="T:System.Data.Metadata.Edm.AssociationEndMember" /> in der <see cref="P:System.Data.Metadata.Edm.AssociationType.AssociationEndMembers" />-Eigenschaft des angegebenen <see cref="T:System.Data.Metadata.Edm.AssociationType" />.</returns>
      <param name="association">Eine Zuordnung in einem konzeptionellen Modell.</param>
    </member>
    <member name="M:Microsoft.Data.Entity.Design.DatabaseGeneration.MetadataWorkspaceExtensions.GetEnd2(System.Data.Metadata.Edm.AssociationType)">
      <summary>Gibt das zweite <see cref="T:System.Data.Metadata.Edm.AssociationEndMember" /> in der <see cref="P:System.Data.Metadata.Edm.AssociationType.AssociationEndMembers" />-Eigenschaft des angegebenen <see cref="T:System.Data.Metadata.Edm.AssociationType" /> zurück.</summary>
      <returns>Das zweite <see cref="T:System.Data.Metadata.Edm.AssociationEndMember" /> in der <see cref="P:System.Data.Metadata.Edm.AssociationType.AssociationEndMembers" />-Eigenschaft des angegebenen <see cref="T:System.Data.Metadata.Edm.AssociationType" />.</returns>
      <param name="association">Eine Zuordnung in einem konzeptionellen Modell.</param>
    </member>
    <member name="M:Microsoft.Data.Entity.Design.DatabaseGeneration.MetadataWorkspaceExtensions.GetEntityContainerName(System.Data.Metadata.Edm.ItemCollection)">
      <summary>Gibt den Wert des Name-Attributs des EntityContainer-Elements in der angegebenen <see cref="T:System.Data.Metadata.Edm.ItemCollection" /> zurück.</summary>
      <returns>Der Wert des Name-Attributs des EntityContainer-Elements in der angegebenen <see cref="T:System.Data.Metadata.Edm.ItemCollection" /> zurück.</returns>
      <param name="itemCollection">Eine Auflistung von Metadaten im Speicher.</param>
    </member>
    <member name="M:Microsoft.Data.Entity.Design.DatabaseGeneration.MetadataWorkspaceExtensions.GetEntityType(System.Data.Metadata.Edm.RelationshipEndMember)">
      <summary>Gibt den <see cref="T:System.Data.Metadata.Edm.EntityType" /> für das angegebene <see cref="T:System.Data.Metadata.Edm.RelationshipEndMember" /> zurück.</summary>
      <returns>Die <see cref="T:System.Data.Metadata.Edm.EntityType" /> für die angegebene <see cref="T:System.Data.Metadata.Edm.RelationshipEndMember" />.</returns>
      <param name="end">Ein End einer Zuordnung.</param>
    </member>
    <member name="M:Microsoft.Data.Entity.Design.DatabaseGeneration.MetadataWorkspaceExtensions.GetKeyProperties(System.Data.Metadata.Edm.AssociationEndMember)">
      <summary>Gibt die Schlüsseleigenschaften des <see cref="T:System.Data.Metadata.Edm.EntityType" /> zurück, der mit dem angegebenen <see cref="T:System.Data.Metadata.Edm.AssociationEndMember" /> verknüpft ist.</summary>
      <returns>Die Schlüsseleigenschaften des <see cref="T:System.Data.Metadata.Edm.EntityType" />, der mit dem angegebenen <see cref="T:System.Data.Metadata.Edm.AssociationEndMember" /> verknüpft ist.</returns>
      <param name="end">Ein Ende einer Zuordnung in einem konzeptionellen Modell.</param>
    </member>
    <member name="M:Microsoft.Data.Entity.Design.DatabaseGeneration.MetadataWorkspaceExtensions.GetKeyProperties(System.Data.Metadata.Edm.EntityType)">
      <summary>Gibt die Schlüsseleigenschaften des angegebenen <see cref="T:System.Data.Metadata.Edm.EntityType" /> zurück.</summary>
      <returns>Die Schlüsseleigenschaften des angegebenen <see cref="T:System.Data.Metadata.Edm.EntityType" />.</returns>
      <param name="entityType">Ein Entitätstyp im konzeptionellen Modell.</param>
    </member>
    <member name="M:Microsoft.Data.Entity.Design.DatabaseGeneration.MetadataWorkspaceExtensions.GetNamespace(System.Data.Metadata.Edm.ItemCollection)">
      <summary>Gibt den Namespacenamen des ersten <see cref="T:System.Data.Metadata.Edm.StructuralType" /> zurück, der in der angegebenen <see cref="T:System.Data.Metadata.Edm.ItemCollection" /> gefunden wird.</summary>
      <returns>Der Namespacename des ersten <see cref="T:System.Data.Metadata.Edm.StructuralType" />, der in der angegebenen <see cref="T:System.Data.Metadata.Edm.ItemCollection" /> gefunden wird.</returns>
      <param name="itemCollection">Eine Auflistung von Metadaten im Speicher.</param>
    </member>
    <member name="M:Microsoft.Data.Entity.Design.DatabaseGeneration.MetadataWorkspaceExtensions.GetOnDelete(System.Data.Metadata.Edm.AssociationEndMember)">
      <summary>Gibt den Wert des OnDelete-Elements für das angegebene End der Zuordnung zurück.</summary>
      <returns>Der Wert des OnDelete-Elements für das angegebene End der Zuordnung.</returns>
      <param name="end">Ein End einer Zuordnung in einem konzeptionellen Modell.</param>
    </member>
    <member name="M:Microsoft.Data.Entity.Design.DatabaseGeneration.MetadataWorkspaceExtensions.GetOtherEnd(System.Data.Metadata.Edm.AssociationType,System.Data.Metadata.Edm.AssociationEndMember)">
      <summary>Gibt für das angegebene End der Zuordnung das andere End der Zuordnung zurück.</summary>
      <returns>Das andere End der Zuordnung für das angegebene End der Zuordnung.</returns>
      <param name="assoc">Die Zuordnung, die durchlaufen wird.</param>
      <param name="end">Ein Ende der angegebenen Zuordnung.</param>
    </member>
    <member name="M:Microsoft.Data.Entity.Design.DatabaseGeneration.MetadataWorkspaceExtensions.GetPrincipalEnd(System.Data.Metadata.Edm.AssociationType)">
      <summary>Gibt das Prinzipalende der angegebenen Zuordnung zurück.</summary>
      <returns>Das Prinzipalende der angegebenen Zuordnung.</returns>
      <param name="association">Eine Zuordnung im konzeptionellen Modell.</param>
    </member>
    <member name="M:Microsoft.Data.Entity.Design.DatabaseGeneration.MetadataWorkspaceExtensions.GetRootOrSelf(System.Data.Metadata.Edm.EntityType)">
      <summary>Gibt den Entitätstyp am Stamm einer Vererbungshierarchie der Entität zurück.</summary>
      <returns>Der Entitätstyp am Stamm einer Vererbungshierarchie der Entität.</returns>
      <param name="entityType">Ein Entitätstyp in einem konzeptionellen Modell.</param>
    </member>
    <member name="M:Microsoft.Data.Entity.Design.DatabaseGeneration.MetadataWorkspaceExtensions.GetSchemaName(System.Data.Metadata.Edm.EntitySet)">
      <summary>Gibt den Schemanamen für den angegebenen <see cref="T:System.Data.Metadata.Edm.EntitySet" /> zurück.</summary>
      <returns>Der Schemaname für den angegebenen <see cref="T:System.Data.Metadata.Edm.EntitySet" />.</returns>
      <param name="entitySet">Ein Entitätssatz.</param>
    </member>
    <member name="M:Microsoft.Data.Entity.Design.DatabaseGeneration.MetadataWorkspaceExtensions.GetStoreGeneratedPatternValue(System.Data.Metadata.Edm.EdmMember,System.Version,System.Data.Metadata.Edm.DataSpace)">
      <summary>Gibt den Wert der StoreGeneratedPattern-Anmerkung oder eines Facets einer Eigenschaft im konzeptionellen Modell oder im Speichermodell zurück.</summary>
      <returns>Der Wert der StoreGeneratedPattern-Anmerkung oder eines Facets einer Eigenschaft im konzeptionellen Modell oder im Speichermodell.</returns>
      <param name="property">Die Eigenschaft, die das StoreGeneratedPattern-Facet enthält.</param>
      <param name="targetVersion">Die Zielversion von Entity Framework.</param>
      <param name="dataSpace">Das Modell (konzeptionelles Modell oder Speichermodell), in dem die angegebene Eigenschaft vorhanden ist.</param>
    </member>
    <member name="M:Microsoft.Data.Entity.Design.DatabaseGeneration.MetadataWorkspaceExtensions.GetStoreType(System.Data.Metadata.Edm.EdmMember,System.Data.Common.DbProviderManifest)">
      <summary>Gibt den Speichertyp zurück, der dem angegebenen <see cref="T:System.Data.Metadata.Edm.EdmMember" /> entspricht, indem das angegebene <see cref="T:System.Data.Common.DbProviderManifest" /> untersucht wird.</summary>
      <returns>Der dem angegebenen <see cref="T:System.Data.Metadata.Edm.EdmMember" /> entsprechende Speichertyp.</returns>
      <param name="edmMember">Der CSDL-Member, der den EDM-Typ enthält, der in den Speichertyp (SSDL) übersetzt wird.</param>
      <param name="providerManifest">Der Speicheranbieter, der verwendet wird.</param>
    </member>
    <member name="M:Microsoft.Data.Entity.Design.DatabaseGeneration.MetadataWorkspaceExtensions.GetTableName(System.Data.Metadata.Edm.EntitySet)">
      <summary>Gibt den Namen der Tabelle zurück, die dem angegebenen <see cref="T:System.Data.Metadata.Edm.EntitySet" /> entspricht.</summary>
      <returns>Der Name der Tabelle, die dem angegebenen <see cref="T:System.Data.Metadata.Edm.EntitySet" /> entspricht.</returns>
      <param name="entitySet">Ein Entitätssatz.</param>
    </member>
    <member name="M:Microsoft.Data.Entity.Design.DatabaseGeneration.MetadataWorkspaceExtensions.InferSsdlFacetsForCsdlProperty(System.Data.Metadata.Edm.EdmProperty,System.Data.Common.DbProviderManifest)">
      <summary>Leitet <see cref="T:System.Data.Metadata.Edm.Facet" />s für eine Eigenschaft im Speichermodell auf Grundlage der entsprechenden Eigenschaft im konzeptionellen Modell ab.</summary>
      <returns>Eine Liste von <see cref="T:System.Data.Metadata.Edm.Facet" />s für eine Eigenschaft im Speichermodell auf Grundlage der entsprechenden Eigenschaft im konzeptionellen Modell ab.</returns>
      <param name="csdlProperty">Die Eigenschaft im konzeptionellen Modell.</param>
      <param name="providerManifest">Der Speicheranbieter, der verwendet wird.</param>
    </member>
    <member name="M:Microsoft.Data.Entity.Design.DatabaseGeneration.MetadataWorkspaceExtensions.IsComplexProperty(System.Data.Metadata.Edm.EdmProperty)">
      <summary>Bestimmt, ob der Typ der angegebenen Eigenschaft ein komplexer Typ ist.</summary>
      <returns>True, wenn die angegebene Eigenschaft ein <see cref="F:System.Data.Metadata.Edm.BuiltInTypeKind.ComplexType" /> ist; andernfalls false.</returns>
      <param name="property">Eine Eigenschaft im konzeptionellen Modell.</param>
    </member>
    <member name="M:Microsoft.Data.Entity.Design.DatabaseGeneration.MetadataWorkspaceExtensions.IsDerivedType(System.Data.Metadata.Edm.EntityType)">
      <summary>Bestimmt, ob der angegebene Entitätstyp ein abgeleiteter Typ ist.</summary>
      <returns>True, wenn der angegebene Entitätstyp einen Basistyp hat; andernfalls false.</returns>
      <param name="entityType">Ein Entitätstyp im konzeptionellen Modell.</param>
    </member>
    <member name="M:Microsoft.Data.Entity.Design.DatabaseGeneration.MetadataWorkspaceExtensions.IsJoinTable(System.Data.Metadata.Edm.EntityType,System.Data.Metadata.Edm.StoreItemCollection)">
      <summary>Bestimmt, ob der angegebene Speichermodell-Entitätstyp eine Jointabelle in der Datenbank darstellt.</summary>
      <returns>True, wenn alle der folgenden Bedingungen zutreffen:Der angegebene Entitätstyp hat zwei Zuordnungen, die daraus stammen.Die beiden Zuordnungsenden in dem angegebenen Entitätstyp weisen eine Multiplizität von n (*) auf.Die anderen Enden der beiden Zuordnungen, die aus dem angegebenen Entitätstyp stammen, haben jeweils eine Multiplizität von Eins (1).Die Anzahl von Eigenschaften im angegebenen Entitätstyp ist gleich der Summe aller Schlüsseleigenschaften an den Enden der Zuordnungen.Alle Eigenschaften im angegebenen Entitätstyp sind Schlüsseleigenschaften.Anderenfalls False.</returns>
      <param name="entityType">Ein Entitätstyp im Speichermodell.</param>
      <param name="store">Eine Auflistung von Speichermodellmetadaten im Speicher.</param>
    </member>
    <member name="M:Microsoft.Data.Entity.Design.DatabaseGeneration.MetadataWorkspaceExtensions.IsManyToMany(System.Data.Metadata.Edm.AssociationType)">
      <summary>Bestimmt, ob die angegebene Zuordnung eine m:n-Zuordnung ist (*: *).</summary>
      <returns>True, wenn beide Enden der angegebenen Zuordnung eine Multiplizität von n (*) aufweisen; andernfalls false.</returns>
      <param name="assoc">Eine Zuordnung im konzeptionellen Modell oder im Speichermodell.</param>
    </member>
    <member name="M:Microsoft.Data.Entity.Design.DatabaseGeneration.MetadataWorkspaceExtensions.IsPKToPK(System.Data.Metadata.Edm.AssociationType)">
      <summary>Bestimmt, ob die Enden der angegebenen Zuordnung nur Primärschlüssel einschließen.</summary>
      <returns>True, wenn die Zuordnung eine 1:1-, eine 1:0..1- oder eine 0..1:0..1-Beziehung ist; andernfalls false.</returns>
      <param name="assoc">Eine Zuordnung im konzeptionellen Modell oder im Speichermodell.</param>
    </member>
    <member name="M:Microsoft.Data.Entity.Design.DatabaseGeneration.MetadataWorkspaceExtensions.ToStoreType(System.Data.Metadata.Edm.EdmProperty)">
      <summary>Übersetzt den Datentyp des konzeptionellen Modells der angegebenen Eigenschaft in einen SQL Server-Datentyp.</summary>
      <returns>Der Name des SQL Server-Datentyps, der dem Datentyp des konzeptionellen Modells der angegebenen Eigenschaft entspricht.</returns>
      <param name="property">Eine Eigenschaft im konzeptionellen Modell.</param>
    </member>
    <member name="M:Microsoft.Data.Entity.Design.DatabaseGeneration.MetadataWorkspaceExtensions.VisitComplexProperty(System.Data.Metadata.Edm.EdmProperty,Microsoft.Data.Entity.Design.DatabaseGeneration.MetadataWorkspaceExtensions.ScalarInComplexPropertyVisitorDelegate,System.String,System.Boolean)">
      <summary>Führt den <see cref="T:Microsoft.Data.Entity.Design.DatabaseGeneration.MetadataWorkspaceExtensions.ScalarInComplexPropertyVisitorDelegate" /> auf jeder skalaren Eigenschaft der angegebenen komplexen Typeigenschaft aus.</summary>
      <param name="property">Eine komplexe Typeigenschaft.</param>
      <param name="visitorDelegate">Der auf jeder skalaren Eigenschaft ausgeführte Delegat.</param>
      <param name="delimiter">Ein beim Benennen von Eigenschaften der angegebenen komplexen Typeigenschaften verwendetes Trennzeichen.</param>
      <param name="recursive">Gibt an, ob die <see cref="M:Microsoft.Data.Entity.Design.DatabaseGeneration.MetadataWorkspaceExtensions.VisitComplexProperty" />-Methode auf geschachtelten komplexen Typeigenschaften innerhalb des angegebenen komplexen Typs aufgerufen werden soll.</param>
    </member>
    <member name="T:Microsoft.Data.Entity.Design.DatabaseGeneration.MetadataWorkspaceExtensions.ScalarInComplexPropertyVisitorDelegate">
      <summary>Der Delegattyp, den die <see cref="M:Microsoft.Data.Entity.Design.DatabaseGeneration.MetadataWorkspaceExtensions.VisitComplexProperty(System.Data.Metadata.Edm.EdmProperty,Microsoft.Data.Entity.Design.DatabaseGeneration.MetadataWorkspaceExtensions.ScalarInComplexPropertyVisitorDelegate,System.String,System.Boolean)" />-Methode verwendet, um zuzulassen, dass durch ein benutzerdefiniertes Steuerelement gesteuert wird, wie skalare Eigenschaften einer komplexen Typeigenschaft im konzeptionellen Modell im generierten Speichermodell benannt werden.</summary>
      <param name="namePrefix">Der Name der geschachtelten CSDL-Eigenschaft in einem Format, das alle übergeordneten CSDL-Eigenschaften verkettet.</param>
      <param name="property">Die geschachtelte CSDL-Eigenschaft, die gerade innerhalb des komplexen Typs dieser komplexen Eigenschaft verwendet wird.</param>
    </member>
    <member name="T:Microsoft.Data.Entity.Design.DatabaseGeneration.Activities.CsdlToSsdlAndMslActivity">
      <summary>Eine Windows-Workflowaktivität, die auf Grundlage eines konzeptionellen Modells ein Speichermodell und Zuordnungsinformationen generiert.</summary>
    </member>
    <member name="M:Microsoft.Data.Entity.Design.DatabaseGeneration.Activities.CsdlToSsdlAndMslActivity.#ctor">
      <summary>Erstellt eine neue Instanz der <see cref="T:Microsoft.Data.Entity.Design.DatabaseGeneration.Activities.CsdlToSsdlAndMslActivity" />-Klasse.</summary>
    </member>
    <member name="P:Microsoft.Data.Entity.Design.DatabaseGeneration.Activities.CsdlToSsdlAndMslActivity.CsdlInput">
      <summary>Ein Windows-Workflow-<see cref="T:System.Activities.InArgument`1" />, das die konzeptionelle Schemadefinitionssprache (CSDL) angibt, aus der die Datenspeicher-Schemadefinitionssprache (SSDL) und die Mapping-Spezifikationssprache (MSL) generiert werden.</summary>
      <returns>Die konzeptionelle Schemadefinitionssprache (CSDL), aus der die Datenspeicherschema-Definitionssprache (SSDL) und die Mapping-Spezifikationssprache (MSL) generiert werden.</returns>
    </member>
    <member name="P:Microsoft.Data.Entity.Design.DatabaseGeneration.Activities.CsdlToSsdlAndMslActivity.MslOutput">
      <summary>Ein Windows-Workflow-<see cref="T:System.Activities.OutArgument`1" />, das die Mapping-Spezifikationssprache (MSL) angibt, die aus der konzeptionellen Schemadefinitionssprache (CSDL) in der <see cref="P:Microsoft.Data.Entity.Design.DatabaseGeneration.Activities.CsdlToSsdlAndMslActivity.CsdlInput" />-Eigenschaft generiert wird.</summary>
      <returns>Die Mapping-Spezifikationssprache (MSL), die aus der konzeptionellen Schemadefinitionssprache (CSDL) in der <see cref="P:Microsoft.Data.Entity.Design.DatabaseGeneration.Activities.CsdlToSsdlAndMslActivity.CsdlInput" />-Eigenschaft generiert wird.</returns>
    </member>
    <member name="P:Microsoft.Data.Entity.Design.DatabaseGeneration.Activities.CsdlToSsdlAndMslActivity.MslOutputGeneratorType">
      <summary>Der durch die Assembly qualifizierte Name des Typs, der zum Generieren der Mapping-Spezifikationssprache (MSL) aus der konzeptionellen Schemadefinitionssprache (CSDL) in der <see cref="P:Microsoft.Data.Entity.Design.DatabaseGeneration.Activities.CsdlToSsdlAndMslActivity.CsdlInput" />-Eigenschaft verwendet wird.</summary>
      <returns>Der durch die Assembly qualifizierte Name des Ausgabe-Generatortyps, der zum Generieren der Mapping-Spezifikationssprache (MSL) aus der konzeptionellen Schemadefinitionssprache (CSDL) in der <see cref="P:Microsoft.Data.Entity.Design.DatabaseGeneration.Activities.CsdlToSsdlAndMslActivity.CsdlInput" />-Eigenschaft verwendet wird.</returns>
    </member>
    <member name="P:Microsoft.Data.Entity.Design.DatabaseGeneration.Activities.CsdlToSsdlAndMslActivity.SsdlOutput">
      <summary>Ein Windows-Workflow-<see cref="T:System.Activities.OutArgument`1" />, das die Datenspeicherschema-Definitionssprache (SSDL) angibt, die aus der konzeptionellen Schemadefinitionssprache (CSDL) in der <see cref="P:Microsoft.Data.Entity.Design.DatabaseGeneration.Activities.CsdlToSsdlAndMslActivity.CsdlInput" />-Eigenschaft generiert wird.</summary>
      <returns>Die Datenspeicherschema-Definitionssprache (SSDL), die aus der konzeptionellen Schemadefinitionssprache (CSDL) in der <see cref="P:Microsoft.Data.Entity.Design.DatabaseGeneration.Activities.CsdlToSsdlAndMslActivity.CsdlInput" />-Eigenschaft generiert wird.</returns>
    </member>
    <member name="T:Microsoft.Data.Entity.Design.DatabaseGeneration.OutputGenerators.CsdlToMsl">
      <summary>Generiert die Mapping-Spezifikationssprache (MSL) auf Grundlage der bereitgestellten konzeptionellen Schemadefinitionssprache (CSDL).</summary>
    </member>
    <member name="M:Microsoft.Data.Entity.Design.DatabaseGeneration.OutputGenerators.CsdlToMsl.#ctor">
      <summary>Erstellt eine neue Instanz von <see cref="T:Microsoft.Data.Entity.Design.DatabaseGeneration.OutputGenerators.CsdlToMsl" />.</summary>
    </member>
    <member name="M:Microsoft.Data.Entity.Design.DatabaseGeneration.OutputGenerators.CsdlToMsl.GenerateActivityOutput``1(Microsoft.Data.Entity.Design.DatabaseGeneration.OutputGenerators.OutputGeneratorActivity,System.Activities.NativeActivityContext,System.Collections.Generic.IDictionary{System.String,System.Object})">
      <summary>Generiert die Mapping-Spezifikationssprache (MSL) auf Grundlage der bereitgestellten konzeptionellen Schemadefinitionssprache (CSDL).</summary>
      <returns>Mapping-Spezifikationssprache (MSL) vom Typ T auf Grundlage der bereitgestellten konzeptionellen Schemadefinitionssprache (CSDL).</returns>
      <param name="activity">Die derzeit ausgeführte Aktivität.</param>
      <param name="context">Der Aktivitätskontext, der den Zustand des Workflows enthält.</param>
      <param name="inputs">Enthält die eingehende CSDL.</param>
      <typeparam name="T">Der erwartete Typ der Aktivitätsausgabe.</typeparam>
    </member>
    <member name="T:Microsoft.Data.Entity.Design.DatabaseGeneration.OutputGenerators.CsdlToSsdl">
      <summary>Generiert die Datenspeicherschema-Definitionssprache (SSDL) auf Grundlage der bereitgestellten konzeptionellen Schemadefinitionssprache (CSDL).</summary>
    </member>
    <member name="M:Microsoft.Data.Entity.Design.DatabaseGeneration.OutputGenerators.CsdlToSsdl.#ctor">
      <summary>Erstellt eine neue Instanz von <see cref="T:Microsoft.Data.Entity.Design.DatabaseGeneration.OutputGenerators.CsdlToSsdl" />.</summary>
    </member>
    <member name="M:Microsoft.Data.Entity.Design.DatabaseGeneration.OutputGenerators.CsdlToSsdl.GenerateActivityOutput``1(Microsoft.Data.Entity.Design.DatabaseGeneration.OutputGenerators.OutputGeneratorActivity,System.Activities.NativeActivityContext,System.Collections.Generic.IDictionary{System.String,System.Object})">
      <summary>Generiert die Datenspeicherschema-Definitionssprache (SSDL) auf Grundlage der bereitgestellten konzeptionellen Schemadefinitionssprache (CSDL).</summary>
      <returns>Datenspeicherschema-Definitionssprache (SSDL) des Typs T auf Grundlage der bereitgestellten konzeptionellen Schemadefinitionssprache (CSDL).</returns>
      <param name="activity">Die derzeit ausgeführte Aktivität.</param>
      <param name="context">Der Aktivitätskontext, der den Zustand des Workflows enthält.</param>
      <param name="inputs">Enthält die eingehende CSDL.</param>
      <typeparam name="T">Der erwartete Typ der Aktivitätsausgabe.</typeparam>
    </member>
    <member name="T:Microsoft.Data.Entity.Design.DatabaseGeneration.OutputGenerators.IGenerateActivityOutput">
      <summary>Macht Methoden verfügbar, die eine Ausgabe für eine angegebene Eingabe generieren.</summary>
    </member>
    <member name="M:Microsoft.Data.Entity.Design.DatabaseGeneration.OutputGenerators.IGenerateActivityOutput.GenerateActivityOutput``1(Microsoft.Data.Entity.Design.DatabaseGeneration.OutputGenerators.OutputGeneratorActivity,System.Activities.NativeActivityContext,System.Collections.Generic.IDictionary{System.String,System.Object})">
      <summary>Generiert eine Ausgabe für eine Eingabe, die sich in der angegebenen <see cref="T:Microsoft.Data.Entity.Design.DatabaseGeneration.OutputGenerators.OutputGeneratorActivity" /> befindet.</summary>
      <returns>Ausgabe des Typs T für eine Eingabe, die sich in der angegebenen <see cref="T:Microsoft.Data.Entity.Design.DatabaseGeneration.OutputGenerators.OutputGeneratorActivity" /> befindet.</returns>
      <param name="owningActivity">Die Aktivität, die diese Methode aufruft.</param>
      <param name="context">Der Aktivitätskontext, der den Zustand des Workflows enthält.</param>
      <param name="inputs">Eingabe für die Aktivität als Schlüssel-Wert-Paare.</param>
      <typeparam name="T">Der erwartete Typ der Aktivitätsausgabe.</typeparam>
    </member>
    <member name="T:Microsoft.Data.Entity.Design.DatabaseGeneration.OutputGenerators.OutputGeneratorActivity">
      <summary>Eine Basisklasse für <see cref="T:Microsoft.Data.Entity.Design.DatabaseGeneration.Activities.CsdlToSsdlAndMslActivity" />.</summary>
    </member>
    <member name="M:Microsoft.Data.Entity.Design.DatabaseGeneration.OutputGenerators.OutputGeneratorActivity.#ctor">
      <summary>Erstellt eine neue Instanz von <see cref="T:Microsoft.Data.Entity.Design.DatabaseGeneration.OutputGenerators.OutputGeneratorActivity" />.</summary>
    </member>
    <member name="M:Microsoft.Data.Entity.Design.DatabaseGeneration.OutputGenerators.OutputGeneratorActivity.Execute(System.Activities.NativeActivityContext)">
      <summary>Generiert eine Ausgabe, die dem angegebenen <see cref="T:System.Activities.NativeActivityContext" /> auf Grundlage der im <see cref="T:System.Activities.NativeActivityContext" /> angegebenen Eingabe bereitgestellt wird.</summary>
      <param name="context">Der Zustand der aktuellen Aktivität.</param>
    </member>
    <member name="P:Microsoft.Data.Entity.Design.DatabaseGeneration.OutputGenerators.OutputGeneratorActivity.OutputGeneratorOutput">
      <summary>Gibt den durch die Assembly qualifizierten Typnamen des Ausgabe-Generators an.</summary>
      <returns>Der durch die Assembly qualifizierte Typname des Ausgabe-Generators.</returns>
    </member>
    <member name="P:Microsoft.Data.Entity.Design.DatabaseGeneration.OutputGenerators.OutputGeneratorActivity.OutputGeneratorType">
      <summary>Ein <see cref="T:System.Activities.InArgument`1" />, das den durch die Assembly qualifizierten Typnamen des Ausgabe-Generators angibt.</summary>
      <returns>Der durch die Assembly qualifizierte Typname des Ausgabe-Generators.</returns>
    </member>
    <member name="M:Microsoft.Data.Entity.Design.DatabaseGeneration.OutputGenerators.OutputGeneratorActivity.ProcessOutputGenerator``1(System.String,System.Activities.NativeActivityContext,System.Collections.Generic.IDictionary{System.String,System.Object})">
      <summary>Gibt die vom Ausgabe-Generator mit dem angegebenen Ausgabe-Generator-Typnamen generierte Ausgabe zurück.</summary>
      <returns>Die vom Ausgabe-Generator zusammen mit dem angegebenen Ausgabe-Generator-Typnamen generierte Ausgabe zurück.</returns>
      <param name="outputGeneratorTypeName">Der Name des Typs des Ausgabe-Generators.</param>
      <param name="context">Der Zustand der aktuellen Aktivität.</param>
      <param name="inputs">Eingaben für die Aktivität als Schlüssel-Wert-Paare.</param>
      <typeparam name="T">Der Typ der Ausgabe.</typeparam>
    </member>
  </members>
</doc>