﻿<?xml version="1.0" encoding="utf-8"?>
<doc>
  <assembly>
    <name>Microsoft.Data.Entity.Design</name>
  </assembly>
  <members>
    <member name="T:Microsoft.Data.Entity.Design.DatabaseGeneration.Activities.SsdlToDdlActivity">
      <summary>Eine Windows Workflow-Aktivität, die Datendefinitionssprache (Data Definition Language, DDL) basierend auf Datenspeicherschema-Definitionssprache (Store Schema Definition Language, SSDL) erstellt. Diese Klasse erbt von <see cref="T:Microsoft.Data.Entity.Design.VisualStudio.TextTemplating.TemplateActivity" />.</summary>
    </member>
    <member name="M:Microsoft.Data.Entity.Design.DatabaseGeneration.Activities.SsdlToDdlActivity.#ctor">
      <summary>Erstellt eine neue Instanz der <see cref="T:Microsoft.Data.Entity.Design.DatabaseGeneration.Activities.SsdlToDdlActivity" />-Klasse.</summary>
    </member>
    <member name="P:Microsoft.Data.Entity.Design.DatabaseGeneration.Activities.SsdlToDdlActivity.DdlOutput">
      <summary>Ein Windows Workflow-<see cref="T:System.Activities.OutArgument`1" />, das die DDL (Data Definition Language) angibt, die aus der SSDL (Store Schema Definition Language) in der <see cref="P:Microsoft.Data.Entity.Design.DatabaseGeneration.Activities.SsdlToDdlActivity.SsdlInput" />-Eigenschaft und der <see cref="P:Microsoft.Data.Entity.Design.DatabaseGeneration.Activities.SsdlToDdlActivity.ExistingSsdlInput" />-Eigenschaft generiert wird.</summary>
      <returns>Die Datendefinitionssprache (DDL), die aus der Datenspeicherschema-Definitionssprache (SSDL) in der <see cref="P:Microsoft.Data.Entity.Design.DatabaseGeneration.Activities.SsdlToDdlActivity.SsdlInput" />-Eigenschaft und der <see cref="P:Microsoft.Data.Entity.Design.DatabaseGeneration.Activities.SsdlToDdlActivity.ExistingSsdlInput" />-Eigenschaft generiert wird.</returns>
    </member>
    <member name="P:Microsoft.Data.Entity.Design.DatabaseGeneration.Activities.SsdlToDdlActivity.ExistingSsdlInput">
      <summary>Ein Windows-Workflow-<see cref="T:System.Activities.InArgument`1" />, das die vorhandene Datenspeicherschema-Definitionssprache (SSDL) angibt, aus der die Datendefinitionssprache (DDL) zum Löschen vorhandener Datenbankobjekte generiert wird.</summary>
      <returns>Die Datenspeicherschema-Definitionssprache (SSDL), aus der die Datendefinitionssprache (DDL) zum Löschen vorhandener Datenbankobjekte generiert wird.</returns>
    </member>
    <member name="P:Microsoft.Data.Entity.Design.DatabaseGeneration.Activities.SsdlToDdlActivity.SsdlInput">
      <summary>Ein Windows-Workflow-<see cref="T:System.Activities.InArgument`1" />, das die Datenspeicherschema-Definitionssprache (SSDL) angibt, aus der die Datendefinitionssprache (DDL) zum Erstellen neuer Datenbankobjekte generiert wird.</summary>
      <returns>Die Datenspeicherschema-Definitionssprache (SSDL), aus der die Datendefinitionssprache (DDL) zum Erstellen neuer Datenbankobjekte generiert wird.</returns>
    </member>
    <member name="T:Microsoft.Data.Entity.Design.Extensibility.IEntityDesignerConversionData">
      <summary>Nur für die interne Verwendung durch Microsoft vorgesehen.</summary>
    </member>
    <member name="P:Microsoft.Data.Entity.Design.Extensibility.IEntityDesignerConversionData.FileExtension">
      <summary>Nur für die interne Verwendung durch Microsoft vorgesehen.</summary>
      <returns>Nur für die interne Verwendung durch Microsoft vorgesehen.</returns>
    </member>
    <member name="T:Microsoft.Data.Entity.Design.Extensibility.IEntityDesignerPropertyData">
      <summary>Nur für die interne Verwendung durch Microsoft vorgesehen.</summary>
    </member>
    <member name="P:Microsoft.Data.Entity.Design.Extensibility.IEntityDesignerPropertyData.EntityDesignerSelection">
      <summary>Nur für die interne Verwendung durch Microsoft vorgesehen.</summary>
      <returns>Nur für die interne Verwendung durch Microsoft vorgesehen.</returns>
    </member>
    <member name="T:Microsoft.Data.Entity.Design.UI.Views.Explorer.EntityDesignExplorerContent">
      <summary>Nur für die interne Verwendung durch Microsoft vorgesehen.</summary>
    </member>
    <member name="M:Microsoft.Data.Entity.Design.UI.Views.Explorer.EntityDesignExplorerContent.#ctor">
      <summary>Nur für die interne Verwendung durch Microsoft vorgesehen.</summary>
    </member>
    <member name="M:Microsoft.Data.Entity.Design.UI.Views.Explorer.EntityDesignExplorerContent.InitializeComponent">
      <summary>Nur für die interne Verwendung durch Microsoft vorgesehen.</summary>
    </member>
    <member name="M:Microsoft.Data.Entity.Design.UI.Views.Explorer.EntityDesignExplorerContent.System#Windows#Markup#IComponentConnector#Connect(System.Int32,System.Object)">
      <summary>Nur für die interne Verwendung durch Microsoft vorgesehen.</summary>
      <param name="connectionId">Nur für die interne Verwendung durch Microsoft vorgesehen.</param>
      <param name="target">Nur für die interne Verwendung durch Microsoft vorgesehen.</param>
    </member>
    <member name="M:Microsoft.Data.Entity.Design.UI.Views.Explorer.EntityDesignExplorerContent.System#Windows#Markup#IStyleConnector#Connect(System.Int32,System.Object)">
      <summary>Nur für die interne Verwendung durch Microsoft vorgesehen.</summary>
      <param name="connectionId">Nur für die interne Verwendung durch Microsoft vorgesehen.</param>
      <param name="target">Nur für die interne Verwendung durch Microsoft vorgesehen.</param>
    </member>
    <member name="T:Microsoft.Data.Entity.Design.VisualStudio.ModelWizard.AddArtifactGeneratorWizard">
      <summary>Nur für die interne Verwendung durch Microsoft vorgesehen.</summary>
    </member>
    <member name="M:Microsoft.Data.Entity.Design.VisualStudio.ModelWizard.AddArtifactGeneratorWizard.#ctor">
      <summary>Nur für die interne Verwendung durch Microsoft vorgesehen.</summary>
    </member>
    <member name="M:Microsoft.Data.Entity.Design.VisualStudio.ModelWizard.AddArtifactGeneratorWizard.BeforeOpeningFile(EnvDTE.ProjectItem)">
      <summary>Nur für die interne Verwendung durch Microsoft vorgesehen.</summary>
      <param name="projectItem">Nur für die interne Verwendung durch Microsoft vorgesehen.</param>
    </member>
    <member name="M:Microsoft.Data.Entity.Design.VisualStudio.ModelWizard.AddArtifactGeneratorWizard.ProjectFinishedGenerating(EnvDTE.Project)">
      <summary>Nur für die interne Verwendung durch Microsoft vorgesehen.</summary>
      <param name="project">Nur für die interne Verwendung durch Microsoft vorgesehen.</param>
    </member>
    <member name="M:Microsoft.Data.Entity.Design.VisualStudio.ModelWizard.AddArtifactGeneratorWizard.ProjectItemFinishedGenerating(EnvDTE.ProjectItem)">
      <summary>Nur für die interne Verwendung durch Microsoft vorgesehen.</summary>
      <param name="projectItem">Nur für die interne Verwendung durch Microsoft vorgesehen.</param>
    </member>
    <member name="M:Microsoft.Data.Entity.Design.VisualStudio.ModelWizard.AddArtifactGeneratorWizard.RunFinished">
      <summary>Nur für die interne Verwendung durch Microsoft vorgesehen.</summary>
    </member>
    <member name="M:Microsoft.Data.Entity.Design.VisualStudio.ModelWizard.AddArtifactGeneratorWizard.RunStarted(System.Object,System.Collections.Generic.Dictionary{System.String,System.String},Microsoft.VisualStudio.TemplateWizard.WizardRunKind,System.Object[])">
      <summary>Nur für die interne Verwendung durch Microsoft vorgesehen.</summary>
      <param name="automationObject">Nur für die interne Verwendung durch Microsoft vorgesehen.</param>
      <param name="replacementsDictionary">Nur für die interne Verwendung durch Microsoft vorgesehen.</param>
      <param name="runKind">Nur für die interne Verwendung durch Microsoft vorgesehen.</param>
      <param name="customParams">Nur für die interne Verwendung durch Microsoft vorgesehen.</param>
    </member>
    <member name="M:Microsoft.Data.Entity.Design.VisualStudio.ModelWizard.AddArtifactGeneratorWizard.ShouldAddProjectItem(System.String)">
      <summary>Nur für die interne Verwendung durch Microsoft vorgesehen.</summary>
      <returns>Nur für die interne Verwendung durch Microsoft vorgesehen.</returns>
      <param name="filePath">Nur für die interne Verwendung durch Microsoft vorgesehen.</param>
    </member>
    <member name="T:Microsoft.Data.Entity.Design.VisualStudio.ModelWizard.ModelObjectItemWizard">
      <summary>Nur für die interne Verwendung durch Microsoft vorgesehen.</summary>
    </member>
    <member name="M:Microsoft.Data.Entity.Design.VisualStudio.ModelWizard.ModelObjectItemWizard.#ctor">
      <summary>Nur für die interne Verwendung durch Microsoft vorgesehen.</summary>
    </member>
    <member name="M:Microsoft.Data.Entity.Design.VisualStudio.ModelWizard.ModelObjectItemWizard.BeforeOpeningFile(EnvDTE.ProjectItem)">
      <summary>Nur für die interne Verwendung durch Microsoft vorgesehen.</summary>
      <param name="projectItem">Nur für die interne Verwendung durch Microsoft vorgesehen.</param>
    </member>
    <member name="M:Microsoft.Data.Entity.Design.VisualStudio.ModelWizard.ModelObjectItemWizard.ProjectFinishedGenerating(EnvDTE.Project)">
      <summary>Nur für die interne Verwendung durch Microsoft vorgesehen.</summary>
      <param name="project">Nur für die interne Verwendung durch Microsoft vorgesehen.</param>
    </member>
    <member name="M:Microsoft.Data.Entity.Design.VisualStudio.ModelWizard.ModelObjectItemWizard.ProjectItemFinishedGenerating(EnvDTE.ProjectItem)">
      <summary>Nur für die interne Verwendung durch Microsoft vorgesehen.</summary>
      <param name="projectItem">Nur für die interne Verwendung durch Microsoft vorgesehen.</param>
    </member>
    <member name="M:Microsoft.Data.Entity.Design.VisualStudio.ModelWizard.ModelObjectItemWizard.RunFinished">
      <summary>Nur für die interne Verwendung durch Microsoft vorgesehen.</summary>
    </member>
    <member name="M:Microsoft.Data.Entity.Design.VisualStudio.ModelWizard.ModelObjectItemWizard.RunStarted(System.Object,System.Collections.Generic.Dictionary{System.String,System.String},Microsoft.VisualStudio.TemplateWizard.WizardRunKind,System.Object[])">
      <summary>Nur für die interne Verwendung durch Microsoft vorgesehen.</summary>
      <param name="automationObject">Nur für die interne Verwendung durch Microsoft vorgesehen.</param>
      <param name="replacementsDictionary">Nur für die interne Verwendung durch Microsoft vorgesehen.</param>
      <param name="runKind">Nur für die interne Verwendung durch Microsoft vorgesehen.</param>
      <param name="customParams">Nur für die interne Verwendung durch Microsoft vorgesehen.</param>
    </member>
    <member name="M:Microsoft.Data.Entity.Design.VisualStudio.ModelWizard.ModelObjectItemWizard.ShouldAddProjectItem(System.String)">
      <summary>Nur für die interne Verwendung durch Microsoft vorgesehen.</summary>
      <returns>Nur für die interne Verwendung durch Microsoft vorgesehen.</returns>
      <param name="filePath">Nur für die interne Verwendung durch Microsoft vorgesehen.</param>
    </member>
    <member name="T:Microsoft.Data.Entity.Design.VisualStudio.SingleFileGenerator.BaseCodeGenerator">
      <summary>Nur für die interne Verwendung durch Microsoft vorgesehen.</summary>
    </member>
    <member name="M:Microsoft.Data.Entity.Design.VisualStudio.SingleFileGenerator.BaseCodeGenerator.#ctor">
      <summary>Nur für die interne Verwendung durch Microsoft vorgesehen.</summary>
    </member>
    <member name="M:Microsoft.Data.Entity.Design.VisualStudio.SingleFileGenerator.BaseCodeGenerator.DefaultExtension(System.String@)">
      <summary>Nur für die interne Verwendung durch Microsoft vorgesehen.</summary>
      <returns>Nur für die interne Verwendung durch Microsoft vorgesehen.</returns>
      <param name="pbstrDefaultExtension">Nur für die interne Verwendung durch Microsoft vorgesehen.</param>
    </member>
    <member name="P:Microsoft.Data.Entity.Design.VisualStudio.SingleFileGenerator.BaseCodeGenerator.DefaultExtensionString">
      <summary>Nur für die interne Verwendung durch Microsoft vorgesehen.</summary>
      <returns>Nur für die interne Verwendung durch Microsoft vorgesehen.</returns>
    </member>
    <member name="M:Microsoft.Data.Entity.Design.VisualStudio.SingleFileGenerator.BaseCodeGenerator.Dispose">
      <summary>Nur für die interne Verwendung durch Microsoft vorgesehen.</summary>
    </member>
    <member name="M:Microsoft.Data.Entity.Design.VisualStudio.SingleFileGenerator.BaseCodeGenerator.Dispose(System.Boolean)">
      <summary>Nur für die interne Verwendung durch Microsoft vorgesehen.</summary>
      <param name="disposing">Nur für die interne Verwendung durch Microsoft vorgesehen.</param>
    </member>
    <member name="M:Microsoft.Data.Entity.Design.VisualStudio.SingleFileGenerator.BaseCodeGenerator.Finalize">
      <summary>Nur für die interne Verwendung durch Microsoft vorgesehen.</summary>
    </member>
    <member name="M:Microsoft.Data.Entity.Design.VisualStudio.SingleFileGenerator.BaseCodeGenerator.Generate(System.String,System.String,System.String,System.IntPtr[],System.UInt32@,Microsoft.VisualStudio.Shell.Interop.IVsGeneratorProgress)">
      <summary>Nur für die interne Verwendung durch Microsoft vorgesehen.</summary>
      <returns>Nur für die interne Verwendung durch Microsoft vorgesehen.</returns>
      <param name="wszInputFilePath">Nur für die interne Verwendung durch Microsoft vorgesehen.</param>
      <param name="bstrInputFileContents">Nur für die interne Verwendung durch Microsoft vorgesehen.</param>
      <param name="wszDefaultNamespace">Nur für die interne Verwendung durch Microsoft vorgesehen.</param>
      <param name="rgbOutputFileContents">Nur für die interne Verwendung durch Microsoft vorgesehen.</param>
      <param name="pcbOutput">Nur für die interne Verwendung durch Microsoft vorgesehen.</param>
      <param name="pGenerateProgress">Nur für die interne Verwendung durch Microsoft vorgesehen.</param>
    </member>
    <member name="M:Microsoft.Data.Entity.Design.VisualStudio.SingleFileGenerator.BaseCodeGenerator.GenerateCode(System.String,System.String,System.String)">
      <summary>Nur für die interne Verwendung durch Microsoft vorgesehen.</summary>
      <returns>Nur für die interne Verwendung durch Microsoft vorgesehen.</returns>
      <param name="inputFileName">Nur für die interne Verwendung durch Microsoft vorgesehen.</param>
      <param name="inputFileContent">Nur für die interne Verwendung durch Microsoft vorgesehen.</param>
      <param name="defaultNamespace">Nur für die interne Verwendung durch Microsoft vorgesehen.</param>
    </member>
    <member name="M:Microsoft.Data.Entity.Design.VisualStudio.SingleFileGenerator.BaseCodeGenerator.GeneratorErrorCallback(System.Boolean,System.Int32,System.String,System.Int32,System.Int32)">
      <summary>Nur für die interne Verwendung durch Microsoft vorgesehen.</summary>
      <param name="warning">Nur für die interne Verwendung durch Microsoft vorgesehen.</param>
      <param name="level">Nur für die interne Verwendung durch Microsoft vorgesehen.</param>
      <param name="message">Nur für die interne Verwendung durch Microsoft vorgesehen.</param>
      <param name="line">Nur für die interne Verwendung durch Microsoft vorgesehen.</param>
      <param name="column">Nur für die interne Verwendung durch Microsoft vorgesehen.</param>
    </member>
    <member name="T:Microsoft.Data.Entity.Design.VisualStudio.SingleFileGenerator.BaseCodeGeneratorWithSite">
      <summary>Nur für die interne Verwendung durch Microsoft vorgesehen.</summary>
    </member>
    <member name="M:Microsoft.Data.Entity.Design.VisualStudio.SingleFileGenerator.BaseCodeGeneratorWithSite.#ctor">
      <summary>Nur für die interne Verwendung durch Microsoft vorgesehen.</summary>
    </member>
    <member name="P:Microsoft.Data.Entity.Design.VisualStudio.SingleFileGenerator.BaseCodeGeneratorWithSite.CodeProvider">
      <summary>Nur für die interne Verwendung durch Microsoft vorgesehen.</summary>
      <returns>Nur für die interne Verwendung durch Microsoft vorgesehen.</returns>
    </member>
    <member name="M:Microsoft.Data.Entity.Design.VisualStudio.SingleFileGenerator.BaseCodeGeneratorWithSite.Dispose(System.Boolean)">
      <summary>Nur für die interne Verwendung durch Microsoft vorgesehen.</summary>
      <param name="disposing">Nur für die interne Verwendung durch Microsoft vorgesehen.</param>
    </member>
    <member name="P:Microsoft.Data.Entity.Design.VisualStudio.SingleFileGenerator.BaseCodeGeneratorWithSite.ErrorList">
      <summary>Nur für die interne Verwendung durch Microsoft vorgesehen.</summary>
      <returns>Nur für die interne Verwendung durch Microsoft vorgesehen.</returns>
    </member>
    <member name="M:Microsoft.Data.Entity.Design.VisualStudio.SingleFileGenerator.BaseCodeGeneratorWithSite.GetService(System.Type)">
      <summary>Nur für die interne Verwendung durch Microsoft vorgesehen.</summary>
      <returns>Nur für die interne Verwendung durch Microsoft vorgesehen.</returns>
      <param name="serviceType">Nur für die interne Verwendung durch Microsoft vorgesehen.</param>
    </member>
    <member name="M:Microsoft.Data.Entity.Design.VisualStudio.SingleFileGenerator.BaseCodeGeneratorWithSite.GetSite(System.Guid@,System.IntPtr@)">
      <summary>Nur für die interne Verwendung durch Microsoft vorgesehen.</summary>
      <param name="riid">Nur für die interne Verwendung durch Microsoft vorgesehen.</param>
      <param name="ppvSite">Nur für die interne Verwendung durch Microsoft vorgesehen.</param>
    </member>
    <member name="P:Microsoft.Data.Entity.Design.VisualStudio.SingleFileGenerator.BaseCodeGeneratorWithSite.Project">
      <summary>Nur für die interne Verwendung durch Microsoft vorgesehen.</summary>
      <returns>Nur für die interne Verwendung durch Microsoft vorgesehen.</returns>
    </member>
    <member name="P:Microsoft.Data.Entity.Design.VisualStudio.SingleFileGenerator.BaseCodeGeneratorWithSite.ProjectItem">
      <summary>Nur für die interne Verwendung durch Microsoft vorgesehen.</summary>
      <returns>Nur für die interne Verwendung durch Microsoft vorgesehen.</returns>
    </member>
    <member name="M:Microsoft.Data.Entity.Design.VisualStudio.SingleFileGenerator.BaseCodeGeneratorWithSite.SetSite(System.Object)">
      <summary>Nur für die interne Verwendung durch Microsoft vorgesehen.</summary>
      <param name="pUnkSite">Nur für die interne Verwendung durch Microsoft vorgesehen.</param>
    </member>
    <member name="P:Microsoft.Data.Entity.Design.VisualStudio.SingleFileGenerator.BaseCodeGeneratorWithSite.SiteServiceProvider">
      <summary>Nur für die interne Verwendung durch Microsoft vorgesehen.</summary>
      <returns>Nur für die interne Verwendung durch Microsoft vorgesehen.</returns>
    </member>
    <member name="T:Microsoft.Data.Entity.Design.VisualStudio.SingleFileGenerator.EntityModelCodeGenerator">
      <summary>Nur für die interne Verwendung durch Microsoft vorgesehen.</summary>
    </member>
    <member name="M:Microsoft.Data.Entity.Design.VisualStudio.SingleFileGenerator.EntityModelCodeGenerator.#ctor">
      <summary>Nur für die interne Verwendung durch Microsoft vorgesehen.</summary>
    </member>
    <member name="M:Microsoft.Data.Entity.Design.VisualStudio.SingleFileGenerator.EntityModelCodeGenerator.AddNameOfItemToBeRenamed(System.UInt32,System.String)">
      <summary>Nur für die interne Verwendung durch Microsoft vorgesehen.</summary>
      <param name="itemId">Nur für die interne Verwendung durch Microsoft vorgesehen.</param>
      <param name="oldInputName">Nur für die interne Verwendung durch Microsoft vorgesehen.</param>
    </member>
    <member name="F:Microsoft.Data.Entity.Design.VisualStudio.SingleFileGenerator.EntityModelCodeGenerator.CodeGenToolName">
      <summary>Nur für die interne Verwendung durch Microsoft vorgesehen.</summary>
    </member>
    <member name="P:Microsoft.Data.Entity.Design.VisualStudio.SingleFileGenerator.EntityModelCodeGenerator.DefaultExtensionString">
      <summary>Nur für die interne Verwendung durch Microsoft vorgesehen.</summary>
      <returns>Nur für die interne Verwendung durch Microsoft vorgesehen.</returns>
    </member>
    <member name="M:Microsoft.Data.Entity.Design.VisualStudio.SingleFileGenerator.EntityModelCodeGenerator.GenerateCode(System.String,System.String,System.String)">
      <summary>Nur für die interne Verwendung durch Microsoft vorgesehen.</summary>
      <returns>Nur für die interne Verwendung durch Microsoft vorgesehen.</returns>
      <param name="inputFileName">Nur für die interne Verwendung durch Microsoft vorgesehen.</param>
      <param name="inputFileContent">Nur für die interne Verwendung durch Microsoft vorgesehen.</param>
      <param name="defaultNamespace">Nur für die interne Verwendung durch Microsoft vorgesehen.</param>
    </member>
    <member name="T:Microsoft.Data.Entity.Design.VisualStudio.TextTemplating.TemplateActivity">
      <summary>Stellt Funktionen zum Transformieren von Textvorlagen in einem Windows Workflow bereit.</summary>
    </member>
    <member name="M:Microsoft.Data.Entity.Design.VisualStudio.TextTemplating.TemplateActivity.#ctor">
      <summary>Erstellt eine neue Instanz der <see cref="T:Microsoft.Data.Entity.Design.VisualStudio.TextTemplating.TemplateActivity" />-Klasse.</summary>
    </member>
    <member name="M:Microsoft.Data.Entity.Design.VisualStudio.TextTemplating.TemplateActivity.Execute(System.Activities.NativeActivityContext)">
      <summary>Transformiert eine Textvorlage, die in der <see cref="P:Microsoft.Data.Entity.Design.VisualStudio.TextTemplating.TemplateActivity.TemplatePath" />-Eigenschaft angegeben ist, indem der STextTemplatingService von Visual Studio aufgerufen wird. </summary>
      <param name="context">Der Zustand der aktuellen Aktivität.</param>
    </member>
    <member name="M:Microsoft.Data.Entity.Design.VisualStudio.TextTemplating.TemplateActivity.OnGetTemplateInputs(System.Activities.NativeActivityContext,System.Collections.Generic.IDictionary{System.String,System.Object})">
      <summary>Füllt ein <see cref="T:System.Collections.IDictionary" />-Objekt, das Eingaben für eine Textvorlage bereitstellt.Diese Methode kann in abgeleiteten Klassen überschrieben werden, um benutzerdefinierte Eingaben bereitzustellen.Diese Eingaben werden in CallContext platziert, sodass sie von der Textvorlage verwendet werden können.</summary>
      <param name="context">Der Zustand der aktuellen Aktivität.</param>
      <param name="inputs">Ein Wörterbuch, in dem Eingabenamen den Eingabewerten zugeordnet werden, die von einer Textvorlage verwendet werden.</param>
    </member>
    <member name="M:Microsoft.Data.Entity.Design.VisualStudio.TextTemplating.TemplateActivity.ProcessTemplate(System.String)">
      <summary>Verarbeitet eine Textvorlage durch die Verwendung des STextTemplatingService in Visual Studio.</summary>
      <returns>Die Textvorlagenausgabe, die durch Aufruf der<see cref="M:Microsoft.VisualStudio.TextTemplating.VSHost.ITextTemplating.ProcessTemplate(System.String,System.String,Microsoft.VisualStudio.TextTemplating.VSHost.ITextTemplatingCallback,System.Object)" />-Methode generiert wird.</returns>
      <param name="templatePath">Der Pfad der zu verarbeitenden Textvorlage.</param>
    </member>
    <member name="P:Microsoft.Data.Entity.Design.VisualStudio.TextTemplating.TemplateActivity.TemplateOutput">
      <summary>Die Ausgabe der Vorlage, die von der <see cref="P:Microsoft.Data.Entity.Design.VisualStudio.TextTemplating.TemplateActivity.TemplatePath" />-Eigenschaft angegeben wird.</summary>
      <returns>Die Ausgabe der Vorlage, die von der <see cref="P:Microsoft.Data.Entity.Design.VisualStudio.TextTemplating.TemplateActivity.TemplatePath" />-Eigenschaft angegeben wird.</returns>
    </member>
    <member name="P:Microsoft.Data.Entity.Design.VisualStudio.TextTemplating.TemplateActivity.TemplatePath">
      <summary>Der Pfad der verarbeiteten Textvorlage.</summary>
      <returns>Der Pfad der verarbeiteten Textvorlage.</returns>
    </member>
  </members>
</doc>