﻿<?xml version="1.0" encoding="utf-8"?>
<doc>
  <assembly>
    <name>Microsoft.Data.Entity.Design.Extensibility</name>
  </assembly>
  <members>
    <member name="T:Microsoft.Data.Entity.Design.Extensibility.EntityDesignerChangeScope">
      <summary>Visual Studio の [元に戻す] および [やり直し] ボタンで元に戻したりやり直したりすることができる作業単位を作成します。</summary>
    </member>
    <member name="M:Microsoft.Data.Entity.Design.Extensibility.EntityDesignerChangeScope.#ctor">
      <summary>
        <see cref="T:Microsoft.Data.Entity.Design.Extensibility.EntityDesignerChangeScope" /> の新しいインスタンスを生成します。</summary>
    </member>
    <member name="M:Microsoft.Data.Entity.Design.Extensibility.EntityDesignerChangeScope.Complete">
      <summary>変更スコープ内のすべての操作をコミットします。</summary>
    </member>
    <member name="M:Microsoft.Data.Entity.Design.Extensibility.EntityDesignerChangeScope.Dispose">
      <summary>
        <see cref="T:Microsoft.Data.Entity.Design.Extensibility.EntityDesignerChangeScope" /> クラスの現在のインスタンスによって使用されているすべてのリソースを解放します。</summary>
    </member>
    <member name="T:Microsoft.Data.Entity.Design.Extensibility.EntityDesignerExtendedPropertyAttribute">
      <summary>ユーザーが選択した場合に、注釈設定済みクラスの <see cref="M:Microsoft.Data.Entity.Design.Extensibility.IEntityDesignerExtendedProperty.CreateProperty(System.Xml.Linq.XElement,Microsoft.Data.Entity.Design.Extensibility.PropertyExtensionContext)" /> メソッドを呼び出す Entity Data Model デザイナーまたはモデル ブラウザーのオブジェクトを指定します。</summary>
    </member>
    <member name="M:Microsoft.Data.Entity.Design.Extensibility.EntityDesignerExtendedPropertyAttribute.#ctor(Microsoft.Data.Entity.Design.Extensibility.EntityDesignerSelection)">
      <summary>新しいインスタンスを作成、 <see cref="T:Microsoft.Data.Entity.Design.Extensibility.EntityDesignerExtendedPropertyAttribute" />クラス。</summary>
      <param name="entityDesignerSelection">4Ccd7ad6-b934-4f7c-82a0-cfd2d4a95faf エンティティ データ モデル デザイナーまたは 94e836e8-a5ea-47ff-aa3e-599d8a02ebfd モデル ブラウザー内のオブジェクトは、ユーザーが選択した場合は、呼び出しをトリガー、 <see cref="M:Microsoft.Data.Entity.Design.Extensibility.IEntityDesignerExtendedProperty.CreateProperty" />メソッド。</param>
    </member>
    <member name="P:Microsoft.Data.Entity.Design.Extensibility.EntityDesignerExtendedPropertyAttribute.EntityDesignerSelection">
      <summary>ユーザーが選択した場合に、<see cref="M:Microsoft.Data.Entity.Design.Extensibility.IEntityDesignerExtendedProperty.CreateProperty" /> メソッドの呼び出しをトリガーする Entity Data Model デザイナーまたはモデル ブラウザーのオブジェクト。</summary>
      <returns>選択された場合に、<see cref="M:Microsoft.Data.Entity.Design.Extensibility.IEntityDesignerExtendedProperty.CreateProperty" /> メソッドの呼び出しをトリガーする Entity Data Model デザイナーのオブジェクト。</returns>
    </member>
    <member name="T:Microsoft.Data.Entity.Design.Extensibility.EntityDesignerSelection">
      <summary>Entity Data Model デザイナーまたはモデル ブラウザーで選択された場合に、注釈設定済みクラスの <see cref="M:Microsoft.Data.Entity.Design.Extensibility.IEntityDesignerExtendedProperty.CreateProperty(System.Xml.Linq.XElement,Microsoft.Data.Entity.Design.Extensibility.PropertyExtensionContext)" /> メソッドを呼び出すオブジェクト型を指定する際に使用される列挙型。</summary>
    </member>
    <member name="F:Microsoft.Data.Entity.Design.Extensibility.EntityDesignerSelection.DesignerSurface">
      <summary>Entity Data Model デザイナーで Entity Data Model デザイナー画面が選択された場合に、<see cref="M:Microsoft.Data.Entity.Design.Extensibility.IEntityDesignerExtendedProperty.CreateProperty(System.Xml.Linq.XElement,Microsoft.Data.Entity.Design.Extensibility.PropertyExtensionContext)" /> メソッドを呼び出すように指定します。</summary>
    </member>
    <member name="F:Microsoft.Data.Entity.Design.Extensibility.EntityDesignerSelection.ConceptualModelEntitySet">
      <summary>モデル ブラウザーで概念モデルのエンティティ セットが選択された場合に、<see cref="M:Microsoft.Data.Entity.Design.Extensibility.IEntityDesignerExtendedProperty.CreateProperty(System.Xml.Linq.XElement,Microsoft.Data.Entity.Design.Extensibility.PropertyExtensionContext)" /> メソッドを呼び出すように指定します。</summary>
    </member>
    <member name="F:Microsoft.Data.Entity.Design.Extensibility.EntityDesignerSelection.ConceptualModelAssociationSet">
      <summary>モデル ブラウザーで概念モデルのアソシエーション セットが選択された場合に、<see cref="M:Microsoft.Data.Entity.Design.Extensibility.IEntityDesignerExtendedProperty.CreateProperty(System.Xml.Linq.XElement,Microsoft.Data.Entity.Design.Extensibility.PropertyExtensionContext)" /> メソッドを呼び出すように指定します。</summary>
    </member>
    <member name="F:Microsoft.Data.Entity.Design.Extensibility.EntityDesignerSelection.ConceptualModelEntityContainer">
      <summary>モデル ブラウザーで概念モデルのエンティティ コンテナーが選択された場合に、<see cref="M:Microsoft.Data.Entity.Design.Extensibility.IEntityDesignerExtendedProperty.CreateProperty(System.Xml.Linq.XElement,Microsoft.Data.Entity.Design.Extensibility.PropertyExtensionContext)" /> メソッドを呼び出すように指定します。</summary>
    </member>
    <member name="F:Microsoft.Data.Entity.Design.Extensibility.EntityDesignerSelection.ConceptualModelEntityType">
      <summary>Entity Data Model デザイナーまたはモデル ブラウザーで概念モデルのエンティティ型が選択された場合に、<see cref="M:Microsoft.Data.Entity.Design.Extensibility.IEntityDesignerExtendedProperty.CreateProperty(System.Xml.Linq.XElement,Microsoft.Data.Entity.Design.Extensibility.PropertyExtensionContext)" /> メソッドを呼び出すように指定します。</summary>
    </member>
    <member name="F:Microsoft.Data.Entity.Design.Extensibility.EntityDesignerSelection.ConceptualModelProperty">
      <summary>Entity Data Model デザイナーまたはモデル ブラウザーで概念モデルのプロパティが選択された場合に、<see cref="M:Microsoft.Data.Entity.Design.Extensibility.IEntityDesignerExtendedProperty.CreateProperty(System.Xml.Linq.XElement,Microsoft.Data.Entity.Design.Extensibility.PropertyExtensionContext)" /> メソッドを呼び出すように指定します。</summary>
    </member>
    <member name="F:Microsoft.Data.Entity.Design.Extensibility.EntityDesignerSelection.ConceptualModelNavigationProperty">
      <summary>Entity Data Model デザイナーまたはモデル ブラウザーで概念モデルのナビゲーション プロパティが選択された場合に、<see cref="M:Microsoft.Data.Entity.Design.Extensibility.IEntityDesignerExtendedProperty.CreateProperty(System.Xml.Linq.XElement,Microsoft.Data.Entity.Design.Extensibility.PropertyExtensionContext)" /> メソッドを呼び出すように指定します。</summary>
    </member>
    <member name="F:Microsoft.Data.Entity.Design.Extensibility.EntityDesignerSelection.ConceptualModelAssociation">
      <summary>Entity Data Model デザイナーまたはモデル ブラウザーで概念モデルのアソシエーションが選択された場合に、<see cref="M:Microsoft.Data.Entity.Design.Extensibility.IEntityDesignerExtendedProperty.CreateProperty(System.Xml.Linq.XElement,Microsoft.Data.Entity.Design.Extensibility.PropertyExtensionContext)" /> メソッドを呼び出すように指定します。</summary>
    </member>
    <member name="F:Microsoft.Data.Entity.Design.Extensibility.EntityDesignerSelection.ConceptualModelComplexType">
      <summary>Entity Data Model デザイナーまたはモデル ブラウザーで概念モデルの複合型が選択された場合に、<see cref="M:Microsoft.Data.Entity.Design.Extensibility.IEntityDesignerExtendedProperty.CreateProperty(System.Xml.Linq.XElement,Microsoft.Data.Entity.Design.Extensibility.PropertyExtensionContext)" /> メソッドを呼び出すように指定します。</summary>
    </member>
    <member name="F:Microsoft.Data.Entity.Design.Extensibility.EntityDesignerSelection.ConceptualModelComplexProperty">
      <summary>モデル ブラウザーで概念モデルの複合プロパティが選択された場合に、<see cref="M:Microsoft.Data.Entity.Design.Extensibility.IEntityDesignerExtendedProperty.CreateProperty(System.Xml.Linq.XElement,Microsoft.Data.Entity.Design.Extensibility.PropertyExtensionContext)" /> メソッドを呼び出すように指定します。</summary>
    </member>
    <member name="F:Microsoft.Data.Entity.Design.Extensibility.EntityDesignerSelection.ConceptualModelFunctionImport">
      <summary>モデル ブラウザーで概念モデルの関数インポートが選択された場合に、<see cref="M:Microsoft.Data.Entity.Design.Extensibility.IEntityDesignerExtendedProperty.CreateProperty(System.Xml.Linq.XElement,Microsoft.Data.Entity.Design.Extensibility.PropertyExtensionContext)" /> メソッドを呼び出すように指定します。</summary>
    </member>
    <member name="F:Microsoft.Data.Entity.Design.Extensibility.EntityDesignerSelection.ConceptualModelFunctionImportParameter">
      <summary>モデル ブラウザーで概念モデルの関数インポート パラメーターが選択された場合に、<see cref="M:Microsoft.Data.Entity.Design.Extensibility.IEntityDesignerExtendedProperty.CreateProperty(System.Xml.Linq.XElement,Microsoft.Data.Entity.Design.Extensibility.PropertyExtensionContext)" /> メソッドを呼び出すように指定します。</summary>
    </member>
    <member name="F:Microsoft.Data.Entity.Design.Extensibility.EntityDesignerSelection.StorageModelEntityContainer">
      <summary>モデル ブラウザーでストレージ モデルのエンティティ コンテナーが選択された場合に、<see cref="M:Microsoft.Data.Entity.Design.Extensibility.IEntityDesignerExtendedProperty.CreateProperty(System.Xml.Linq.XElement,Microsoft.Data.Entity.Design.Extensibility.PropertyExtensionContext)" /> メソッドを呼び出すように指定します。</summary>
    </member>
    <member name="F:Microsoft.Data.Entity.Design.Extensibility.EntityDesignerSelection.StorageModelEntityType">
      <summary>モデル ブラウザーでストレージ モデルのエンティティ型が選択された場合に、<see cref="M:Microsoft.Data.Entity.Design.Extensibility.IEntityDesignerExtendedProperty.CreateProperty(System.Xml.Linq.XElement,Microsoft.Data.Entity.Design.Extensibility.PropertyExtensionContext)" /> メソッドを呼び出すように指定します。</summary>
    </member>
    <member name="F:Microsoft.Data.Entity.Design.Extensibility.EntityDesignerSelection.StorageModelProperty">
      <summary>モデル ブラウザーでストレージ モデルのプロパティが選択された場合に、<see cref="M:Microsoft.Data.Entity.Design.Extensibility.IEntityDesignerExtendedProperty.CreateProperty(System.Xml.Linq.XElement,Microsoft.Data.Entity.Design.Extensibility.PropertyExtensionContext)" /> メソッドを呼び出すように指定します。</summary>
    </member>
    <member name="F:Microsoft.Data.Entity.Design.Extensibility.EntityDesignerSelection.StorageModelAssociation">
      <summary>モデル ブラウザーでストレージ モデルのアソシエーションが選択された場合に、<see cref="M:Microsoft.Data.Entity.Design.Extensibility.IEntityDesignerExtendedProperty.CreateProperty(System.Xml.Linq.XElement,Microsoft.Data.Entity.Design.Extensibility.PropertyExtensionContext)" /> メソッドを呼び出すように指定します。</summary>
    </member>
    <member name="F:Microsoft.Data.Entity.Design.Extensibility.EntityDesignerSelection.StorageModelFunction">
      <summary>モデル ブラウザーでストレージ モデルの関数が選択された場合に、<see cref="M:Microsoft.Data.Entity.Design.Extensibility.IEntityDesignerExtendedProperty.CreateProperty(System.Xml.Linq.XElement,Microsoft.Data.Entity.Design.Extensibility.PropertyExtensionContext)" /> メソッドを呼び出すように指定します。</summary>
    </member>
    <member name="F:Microsoft.Data.Entity.Design.Extensibility.EntityDesignerSelection.StorageModelFunctionParameter">
      <summary>モデル ブラウザーでストレージ モデルの関数パラメーターが選択された場合に、<see cref="M:Microsoft.Data.Entity.Design.Extensibility.IEntityDesignerExtendedProperty.CreateProperty(System.Xml.Linq.XElement,Microsoft.Data.Entity.Design.Extensibility.PropertyExtensionContext)" /> メソッドを呼び出すように指定します。</summary>
    </member>
    <member name="T:Microsoft.Data.Entity.Design.Extensibility.ExtensionContext">
      <summary>
        <see cref="T:Microsoft.Data.Entity.Design.Extensibility.ModelGenerationExtensionContext" />、<see cref="T:Microsoft.Data.Entity.Design.Extensibility.PropertyExtensionContext" />、<see cref="T:Microsoft.Data.Entity.Design.Extensibility.ModelTransformExtensionContext" />、および <see cref="T:Microsoft.Data.Entity.Design.Extensibility.ModelConversionExtensionContext" /> クラスの基本クラスです。</summary>
    </member>
    <member name="M:Microsoft.Data.Entity.Design.Extensibility.ExtensionContext.#ctor">
      <summary>新しいインスタンスを作成 <see cref="M:Microsoft.Data.Entity.Design.Extensibility.ExtensionContext" />.</summary>
    </member>
    <member name="P:Microsoft.Data.Entity.Design.Extensibility.ExtensionContext.EntityFrameworkVersion">
      <summary>Entity Framework の対象のバージョン。</summary>
      <returns>Entity Framework の対象のバージョン。</returns>
    </member>
    <member name="P:Microsoft.Data.Entity.Design.Extensibility.ExtensionContext.Project">
      <summary>現在の Visual Studio プロジェクト。</summary>
      <returns>現在の Visual Studio プロジェクト。</returns>
    </member>
    <member name="T:Microsoft.Data.Entity.Design.Extensibility.ExtensionError">
      <summary>Entity Data Model デザイナーの機能を拡張する Visual Studio の拡張機能のカスタム エラー情報をカプセル化します。</summary>
    </member>
    <member name="M:Microsoft.Data.Entity.Design.Extensibility.ExtensionError.#ctor(System.String,System.Int32,Microsoft.Data.Entity.Design.Extensibility.ExtensionErrorSeverity)">
      <summary>
        <see cref="T:Microsoft.Data.Entity.Design.Extensibility.ExtensionError" /> の新しいインスタンスを生成します。</summary>
      <param name="message">エラーを説明するメッセージ。</param>
      <param name="errorCode">エラーに関連付けられているエラー コード。</param>
      <param name="severity">エラーの重大度。</param>
    </member>
    <member name="M:Microsoft.Data.Entity.Design.Extensibility.ExtensionError.#ctor(System.String,System.Int32,Microsoft.Data.Entity.Design.Extensibility.ExtensionErrorSeverity,System.Int32,System.Int32)">
      <summary>
        <see cref="T:Microsoft.Data.Entity.Design.Extensibility.ExtensionError" /> の新しいインスタンスを生成します。</summary>
      <param name="message">エラーを説明するメッセージ。</param>
      <param name="errorCode">エラーに関連付けられているエラー コード。</param>
      <param name="severity">エラーの重大度。</param>
      <param name="line">エラーが発生した入力または出力ドキュメントの行。</param>
      <param name="column">エラーが発生した入力または出力ドキュメントの列。</param>
    </member>
    <member name="P:Microsoft.Data.Entity.Design.Extensibility.ExtensionError.Column">
      <summary>エラーが発生した入力または出力ドキュメントの列。</summary>
      <returns>エラーが発生した入力または出力ドキュメントの列。</returns>
    </member>
    <member name="P:Microsoft.Data.Entity.Design.Extensibility.ExtensionError.ErrorCode">
      <summary>エラーに関連付けられているエラー コード。</summary>
      <returns>エラーに関連付けられているエラー コード。</returns>
    </member>
    <member name="P:Microsoft.Data.Entity.Design.Extensibility.ExtensionError.Line">
      <summary>エラーが発生した入力または出力ドキュメントの行。</summary>
      <returns>エラーが発生した入力または出力ドキュメントの行。</returns>
    </member>
    <member name="P:Microsoft.Data.Entity.Design.Extensibility.ExtensionError.Message">
      <summary>エラーを説明するメッセージ。</summary>
      <returns>エラーを説明するメッセージ。</returns>
    </member>
    <member name="P:Microsoft.Data.Entity.Design.Extensibility.ExtensionError.Severity">
      <summary>エラーの重大度。</summary>
      <returns>エラーの重大度。</returns>
    </member>
    <member name="T:Microsoft.Data.Entity.Design.Extensibility.ExtensionErrorSeverity">
      <summary>
        <see cref="T:Microsoft.Data.Entity.Design.Extensibility.ExtensionError" /> の重大度を示す列挙型。</summary>
    </member>
    <member name="F:Microsoft.Data.Entity.Design.Extensibility.ExtensionErrorSeverity.Warning">
      <summary>
        <see cref="T:Microsoft.Data.Entity.Design.Extensibility.ExtensionError" /> の重大度が Warning であることを示します。この重大度を持つ <see cref="T:Microsoft.Data.Entity.Design.Extensibility.ExtensionError" /> は、Visual Studio の [エラー一覧] に警告として表示されます。</summary>
    </member>
    <member name="F:Microsoft.Data.Entity.Design.Extensibility.ExtensionErrorSeverity.Error">
      <summary>
        <see cref="T:Microsoft.Data.Entity.Design.Extensibility.ExtensionError" /> の重大度が Error であることを示します。この重大度を持つ <see cref="T:Microsoft.Data.Entity.Design.Extensibility.ExtensionError" /> は、Visual Studio の [エラー一覧] にエラーとして表示されます。</summary>
    </member>
    <member name="F:Microsoft.Data.Entity.Design.Extensibility.ExtensionErrorSeverity.Message">
      <summary>
        <see cref="T:Microsoft.Data.Entity.Design.Extensibility.ExtensionError" /> の重大度が Message であることを示します。この重大度を持つ <see cref="T:Microsoft.Data.Entity.Design.Extensibility.ExtensionError" /> は、Visual Studio の [エラー一覧] にメッセージとして表示されます。</summary>
    </member>
    <member name="T:Microsoft.Data.Entity.Design.Extensibility.IEntityDesignerExtendedProperty">
      <summary>Entity Data Model デザイナーまたはモデル ブラウザーでユーザーに表示できるオブジェクトにプロパティを追加するメソッドを公開します。</summary>
    </member>
    <member name="M:Microsoft.Data.Entity.Design.Extensibility.IEntityDesignerExtendedProperty.CreateProperty(System.Xml.Linq.XElement,Microsoft.Data.Entity.Design.Extensibility.PropertyExtensionContext)">
      <summary>Entity Data Model デザイナーまたはモデル ブラウザーで選択されたオブジェクトの新しいプロパティを作成します。</summary>
      <returns>Visual Studio の [プロパティ] ウィンドウにパブリック プロパティが表示されるオブジェクト。詳細については、「<see cref="T:System.Windows.Forms.PropertyGrid" />」を参照してください。</returns>
      <param name="xElement">4Ccd7ad6-b934-4f7c-82a0-cfd2d4a95faf エンティティ データ モデル デザイナーまたは 94e836e8-a5ea-47ff-aa3e-599d8a02ebfd モデル ブラウザーで選択されているオブジェクトを定義する .edmx ファイルの要素</param>
      <param name="context">ファイルを提供し、 Visual Studioプロジェクト情報。 </param>
    </member>
    <member name="T:Microsoft.Data.Entity.Design.Extensibility.IModelConversionExtension">
      <summary>Entity Data Model デザイナーによって読み取り可能な .edmx ファイル形式とカスタム ファイル形式を相互に変換するメソッドを公開します。</summary>
    </member>
    <member name="M:Microsoft.Data.Entity.Design.Extensibility.IModelConversionExtension.OnAfterFileLoaded(Microsoft.Data.Entity.Design.Extensibility.ModelConversionExtensionContext)">
      <summary>カスタム形式のファイルの読み込みと .edmx 形式への変換を行うカスタム機能を定義します。</summary>
      <param name="context">ファイルおよび Visual Studio プロジェクトに関する情報を提供します。</param>
    </member>
    <member name="M:Microsoft.Data.Entity.Design.Extensibility.IModelConversionExtension.OnBeforeFileSaved(Microsoft.Data.Entity.Design.Extensibility.ModelConversionExtensionContext)">
      <summary>ファイルを保存する前に .edmx ファイルをカスタム形式のファイルに変換するカスタム機能を定義します。</summary>
      <param name="context">ファイルおよび Visual Studio プロジェクトに関する情報を提供します。</param>
    </member>
    <member name="T:Microsoft.Data.Entity.Design.Extensibility.IModelGenerationExtension">
      <summary>.edmx ファイルの生成をカスタマイズするメソッドを公開します。</summary>
    </member>
    <member name="M:Microsoft.Data.Entity.Design.Extensibility.IModelGenerationExtension.OnAfterModelGenerated(Microsoft.Data.Entity.Design.Extensibility.ModelGenerationExtensionContext)">
      <summary>.edmx ファイルが Entity Data Model ウィザード によって生成された後に実行されるカスタム機能を定義します。</summary>
      <param name="context">ファイルおよび Visual Studio プロジェクトに関する情報を提供します。</param>
    </member>
    <member name="M:Microsoft.Data.Entity.Design.Extensibility.IModelGenerationExtension.OnAfterModelUpdated(Microsoft.Data.Entity.Design.Extensibility.UpdateModelExtensionContext)">
      <summary>.edmx ファイルが モデルの更新ウィザードによって更新された後に実行される機能を定義します。</summary>
      <param name="context">ファイル情報および Visual Studio プロジェクトに関する情報を提供します。</param>
    </member>
    <member name="T:Microsoft.Data.Entity.Design.Extensibility.IModelTransformExtension">
      <summary>.edmx ファイルの読み込みおよび保存処理を拡張するメソッドを公開します。</summary>
    </member>
    <member name="M:Microsoft.Data.Entity.Design.Extensibility.IModelTransformExtension.OnAfterModelLoaded(Microsoft.Data.Entity.Design.Extensibility.ModelTransformExtensionContext)">
      <summary>.edmx ファイルが Entity Data Model デザイナー によって読み込まれる場合の処理を拡張する機能を定義します。</summary>
      <param name="context">ファイルおよび Visual Studio プロジェクトに関する情報を提供します。</param>
    </member>
    <member name="M:Microsoft.Data.Entity.Design.Extensibility.IModelTransformExtension.OnBeforeModelSaved(Microsoft.Data.Entity.Design.Extensibility.ModelTransformExtensionContext)">
      <summary>.edmx ファイルが Entity Data Model デザイナー によって保存される場合の処理を拡張する機能を定義します。</summary>
      <param name="context">ファイルおよび Visual Studio プロジェクトに関する情報を提供します。</param>
    </member>
    <member name="T:Microsoft.Data.Entity.Design.Extensibility.ModelConversionExtensionContext">
      <summary>カスタム ファイル形式を読み込んで保存できるようにする Visual Studio の拡張機能に対して、ファイルおよびプロジェクト情報を提供します。</summary>
    </member>
    <member name="M:Microsoft.Data.Entity.Design.Extensibility.ModelConversionExtensionContext.#ctor">
      <summary>
        <see cref="T:Microsoft.Data.Entity.Design.Extensibility.ModelConversionExtensionContext" /> クラスの新しいインスタンスを作成します。</summary>
    </member>
    <member name="P:Microsoft.Data.Entity.Design.Extensibility.ModelConversionExtensionContext.CurrentDocument">
      <summary>カスタム ファイル形式から変換された後の .edmx ドキュメントを返します。</summary>
      <returns>カスタム ファイル形式から変換された後の .edmx ドキュメント。</returns>
    </member>
    <member name="P:Microsoft.Data.Entity.Design.Extensibility.ModelConversionExtensionContext.Errors">
      <summary>カスタム ファイル形式の読み込みおよびカスタム ファイル形式への変換を行う場合、Visual Studio の [エラー一覧] に表示できるエラーの一覧。</summary>
      <returns>カスタム ファイル形式の読み込みおよびカスタム ファイル形式への変換を行う場合、Visual Studio の [エラー一覧] に表示できるエラーの一覧。</returns>
    </member>
    <member name="P:Microsoft.Data.Entity.Design.Extensibility.ModelConversionExtensionContext.FileInfo">
      <summary>Entity Data Model デザイナーによって処理されるカスタム ファイルの情報を返します。</summary>
      <returns>Entity Data Model デザイナーによって処理されるカスタム ファイルの情報。</returns>
    </member>
    <member name="P:Microsoft.Data.Entity.Design.Extensibility.ModelConversionExtensionContext.OriginalDocument">
      <summary>エンティティ デザイナーによって開いたり保存された場合に、元のドキュメントを返します。</summary>
      <returns>エンティティ デザイナーによって開いたり保存された場合の元のドキュメント。</returns>
    </member>
    <member name="P:Microsoft.Data.Entity.Design.Extensibility.ModelConversionExtensionContext.ProjectItem">
      <summary>現在の Visual Studio のプロジェクト項目です。</summary>
      <returns>現在の Visual Studio のプロジェクト項目です。</returns>
    </member>
    <member name="T:Microsoft.Data.Entity.Design.Extensibility.ModelFileExtensionAttribute">
      <summary>Entity Data Model デザイナーによって読み込みまたは保存を実行できるカスタム ファイルの拡張子を指定します。</summary>
    </member>
    <member name="M:Microsoft.Data.Entity.Design.Extensibility.ModelFileExtensionAttribute.#ctor(System.String)">
      <summary>
        <see cref="T:Microsoft.Data.Entity.Design.Extensibility.ModelFileExtensionAttribute" /> クラスの新しいインスタンスを作成します。</summary>
      <param name="fileExtension">ロード 4ccd7ad6-b934-4f7c-82a0-cfd2d4a95faf エンティティ データ モデル デザイナーで保存することができるカスタムのファイルのファイル拡張子。</param>
    </member>
    <member name="P:Microsoft.Data.Entity.Design.Extensibility.ModelFileExtensionAttribute.FileExtension">
      <summary>Entity Data Model デザイナーによって読み込みおよび保存を実行できるカスタム ファイルのファイル拡張子。</summary>
      <returns>Entity Data Model デザイナーによって読み込みおよび保存を実行できるカスタム ファイルのファイル拡張子。</returns>
    </member>
    <member name="T:Microsoft.Data.Entity.Design.Extensibility.ModelGenerationExtensionContext">
      <summary>Entity Data Model ウィザードの .edmx ファイル生成処理を拡張する Visual Studio 拡張機能に対して、ファイルおよびプロジェクト情報を提供します。</summary>
    </member>
    <member name="M:Microsoft.Data.Entity.Design.Extensibility.ModelGenerationExtensionContext.#ctor">
      <summary>
        <see cref="M:Microsoft.Data.Entity.Design.Extensibility.ModelGenerationExtensionContext" /> クラスの新しいインスタンスを生成します。</summary>
    </member>
    <member name="P:Microsoft.Data.Entity.Design.Extensibility.ModelGenerationExtensionContext.CurrentDocument">
      <summary>変更される .edmx ドキュメントを表します。</summary>
      <returns>変更される .edmx ドキュメントを表します。</returns>
    </member>
    <member name="P:Microsoft.Data.Entity.Design.Extensibility.ModelGenerationExtensionContext.GeneratedDocument">
      <summary>Entity Data Model ウィザードによって生成される元の .edmx ファイルを表します。</summary>
      <returns>Entity Data Model ウィザードによって生成される元の .edmx ファイルを表します。</returns>
    </member>
    <member name="P:Microsoft.Data.Entity.Design.Extensibility.ModelGenerationExtensionContext.WizardKind">
      <summary>.edmx ファイルの生成処理または更新処理を開始するウィザード。</summary>
      <returns>.edmx ファイルの生成処理または更新処理を開始するウィザード。</returns>
    </member>
    <member name="T:Microsoft.Data.Entity.Design.Extensibility.ModelTransformExtensionContext">
      <summary>Entity Data Model デザイナーによって .edmx ファイルの読み込みと保存を拡張する Visual Studio の拡張機能に対して、ファイルおよびプロジェクト情報を提供します。</summary>
    </member>
    <member name="M:Microsoft.Data.Entity.Design.Extensibility.ModelTransformExtensionContext.#ctor">
      <summary>
        <see cref="T:Microsoft.Data.Entity.Design.Extensibility.ModelTransformExtensionContext" /> の新しいインスタンスを生成します。</summary>
    </member>
    <member name="P:Microsoft.Data.Entity.Design.Extensibility.ModelTransformExtensionContext.CurrentDocument">
      <summary>Visual Studio 拡張機能が操作できる現在の .edmx ファイル。</summary>
      <returns>Visual Studio 拡張機能が操作できる現在の .edmx ファイル。</returns>
    </member>
    <member name="P:Microsoft.Data.Entity.Design.Extensibility.ModelTransformExtensionContext.Errors">
      <summary>Entity Data Model デザイナーによって .edmx ファイルの読み込みまたは保存が行われた場合に Visual Studio の [エラー一覧] に表示できるエラーの一覧。</summary>
      <returns>Entity Data Model デザイナーによって .edmx ファイルの読み込みまたは保存が行われた場合に Visual Studio の [エラー一覧] に表示できるエラーの一覧。</returns>
    </member>
    <member name="P:Microsoft.Data.Entity.Design.Extensibility.ModelTransformExtensionContext.OriginalDocument">
      <summary>メモリに読み込まれた元の .edmx ファイル。</summary>
      <returns>メモリに読み込まれた元の .edmx ファイル。</returns>
    </member>
    <member name="P:Microsoft.Data.Entity.Design.Extensibility.ModelTransformExtensionContext.ProjectItem">
      <summary>現在の Visual Studio のプロジェクト項目です。</summary>
      <returns>現在の Visual Studio のプロジェクト項目です。</returns>
    </member>
    <member name="T:Microsoft.Data.Entity.Design.Extensibility.PropertyExtensionContext">
      <summary>Entity Data Model デザイナーまたはモデル ブラウザーで表示可能なオブジェクトにカスタム プロパティを追加する Visual Studio 拡張機能に対して、ファイルおよびプロジェクト情報を提供します。</summary>
    </member>
    <member name="M:Microsoft.Data.Entity.Design.Extensibility.PropertyExtensionContext.#ctor">
      <summary>
        <see cref="M:Microsoft.Data.Entity.Design.Extensibility.PropertyExtensionContext" /> クラスの新しいインスタンスを作成します。</summary>
    </member>
    <member name="M:Microsoft.Data.Entity.Design.Extensibility.PropertyExtensionContext.CreateChangeScope(System.String)">
      <summary>
        <see cref="T:Microsoft.Data.Entity.Design.Extensibility.EntityDesignerChangeScope" /> オブジェクトを作成し、Visual Studio の [元に戻す] および [やり直し] ボタンのドロップダウン リストに表示する文字列を設定します。</summary>
      <returns>
        <see cref="T:Microsoft.Data.Entity.Design.Extensibility.EntityDesignerChangeScope" /> オブジェクト。</returns>
      <param name="undoRedoDescription">Visual Studio の [元に戻す] および [やり直し] ボタンのドロップダウン リストに表示する文字列。</param>
    </member>
    <member name="P:Microsoft.Data.Entity.Design.Extensibility.PropertyExtensionContext.ProjectItem">
      <summary>現在の Visual Studio のプロジェクト項目。</summary>
      <returns>現在の Visual Studio のプロジェクト項目。</returns>
    </member>
    <member name="T:Microsoft.Data.Entity.Design.Extensibility.UpdateModelExtensionContext">
      <summary>モデルの更新ウィザードの .edmx ファイル更新処理を拡張する Visual Studio 拡張機能に対して、ファイルおよびプロジェクト情報を提供します。</summary>
    </member>
    <member name="M:Microsoft.Data.Entity.Design.Extensibility.UpdateModelExtensionContext.#ctor">
      <summary>
        <see cref="M:Microsoft.Data.Entity.Design.Extensibility.UpdateModelExtensionContext" /> の新しいインスタンスを生成します。</summary>
    </member>
    <member name="P:Microsoft.Data.Entity.Design.Extensibility.UpdateModelExtensionContext.OriginalDocument">
      <summary>モデルの更新ウィザードが実行される前の .edmx ファイルを表します。</summary>
      <returns>モデルの更新ウィザードが実行される前の .edmx ファイルを表します。</returns>
    </member>
    <member name="P:Microsoft.Data.Entity.Design.Extensibility.UpdateModelExtensionContext.ProjectItem">
      <summary>現在の Visual Studio プロジェクト項目。</summary>
      <returns>現在の Visual Studio プロジェクト項目。</returns>
    </member>
    <member name="P:Microsoft.Data.Entity.Design.Extensibility.UpdateModelExtensionContext.UpdateModelDocument">
      <summary>モデルの更新ウィザードが実行された後の .edmx ファイルを表します。</summary>
      <returns>モデルの更新ウィザードが実行された後の .edmx ファイルを表します。</returns>
    </member>
    <member name="T:Microsoft.Data.Entity.Design.Extensibility.WizardKind">
      <summary>.edmx ファイルの生成処理または更新処理を開始したウィザードの情報を提供する列挙型。</summary>
    </member>
    <member name="F:Microsoft.Data.Entity.Design.Extensibility.WizardKind.None">
      <summary>.edmx ファイルの変更処理を開始したウィザードがないことを示します。</summary>
    </member>
    <member name="F:Microsoft.Data.Entity.Design.Extensibility.WizardKind.Generate">
      <summary>Entity Data Model ウィザードが .edmx ファイルの生成処理を開始したことを示します。</summary>
    </member>
    <member name="F:Microsoft.Data.Entity.Design.Extensibility.WizardKind.UpdateModel">
      <summary>モデルの更新ウィザードが .edmx ファイルの更新処理を開始したことを示します。</summary>
    </member>
  </members>
</doc>