﻿<?xml version="1.0" encoding="utf-8"?>
<doc>
  <assembly>
    <name>Microsoft.Data.Entity.Design.Extensibility</name>
  </assembly>
  <members>
    <member name="T:Microsoft.Data.Entity.Design.Extensibility.EntityDesignerChangeScope">
      <summary>Crea una unidad de trabajo que se puede deshacer o se puede rehacer con los botones Deshacer y Rehacer en Visual Studio.</summary>
    </member>
    <member name="M:Microsoft.Data.Entity.Design.Extensibility.EntityDesignerChangeScope.#ctor">
      <summary>Crea una nueva instancia de <see cref="T:Microsoft.Data.Entity.Design.Extensibility.EntityDesignerChangeScope" />.</summary>
    </member>
    <member name="M:Microsoft.Data.Entity.Design.Extensibility.EntityDesignerChangeScope.Complete">
      <summary>Confirma todas las operaciones dentro de un Ámbito del cambio.</summary>
    </member>
    <member name="M:Microsoft.Data.Entity.Design.Extensibility.EntityDesignerChangeScope.Dispose">
      <summary>Libera todos los recursos usados por la instancia actual de la clase <see cref="T:Microsoft.Data.Entity.Design.Extensibility.EntityDesignerChangeScope" />.</summary>
    </member>
    <member name="T:Microsoft.Data.Entity.Design.Extensibility.EntityDesignerExtendedPropertyAttribute">
      <summary>Especifica objetos de Entity Data Model Designer y del Explorador de modelos que, cuando un usuario los selecciona, hacen que se llame al método <see cref="M:Microsoft.Data.Entity.Design.Extensibility.IEntityDesignerExtendedProperty.CreateProperty(System.Xml.Linq.XElement,Microsoft.Data.Entity.Design.Extensibility.PropertyExtensionContext)" /> de la clase anotada.</summary>
    </member>
    <member name="M:Microsoft.Data.Entity.Design.Extensibility.EntityDesignerExtendedPropertyAttribute.#ctor(Microsoft.Data.Entity.Design.Extensibility.EntityDesignerSelection)">
      <summary>Crea una nueva instancia de la  <see cref="T:Microsoft.Data.Entity.Design.Extensibility.EntityDesignerExtendedPropertyAttribute" /> clase. </summary>
      <param name="entityDesignerSelection">El objeto en el 4ccd7ad6-b934-4f7c-82a0-cfd2d4a95faf Entity Data Model Designer o el explorador de modelos 94e836e8-a5ea-47ff-aa3e-599d8a02ebfd que, cuando se selecciona un usuario, desencadena la llamada de la  <see cref="M:Microsoft.Data.Entity.Design.Extensibility.IEntityDesignerExtendedProperty.CreateProperty" /> método. </param>
    </member>
    <member name="P:Microsoft.Data.Entity.Design.Extensibility.EntityDesignerExtendedPropertyAttribute.EntityDesignerSelection">
      <summary>El objeto de Entity Data Model Designer o del Explorador de modelos que, cuando un usuario lo selecciona, activa la llamada del método <see cref="M:Microsoft.Data.Entity.Design.Extensibility.IEntityDesignerExtendedProperty.CreateProperty" />.</summary>
      <returns>El objeto de Entity Data Model Designer que, cuando se selecciona, activa la llamada del método <see cref="M:Microsoft.Data.Entity.Design.Extensibility.IEntityDesignerExtendedProperty.CreateProperty" />.</returns>
    </member>
    <member name="T:Microsoft.Data.Entity.Design.Extensibility.EntityDesignerSelection">
      <summary>Enumeración usada para especificar los tipos de objeto que, cuando se seleccionan en  Entity Data Model Designer o en el Explorador de modelos, hacen que se llame al método <see cref="M:Microsoft.Data.Entity.Design.Extensibility.IEntityDesignerExtendedProperty.CreateProperty(System.Xml.Linq.XElement,Microsoft.Data.Entity.Design.Extensibility.PropertyExtensionContext)" /> de la clase anotada.</summary>
    </member>
    <member name="F:Microsoft.Data.Entity.Design.Extensibility.EntityDesignerSelection.DesignerSurface">
      <summary>Especifica que debe llamarse al método <see cref="M:Microsoft.Data.Entity.Design.Extensibility.IEntityDesignerExtendedProperty.CreateProperty(System.Xml.Linq.XElement,Microsoft.Data.Entity.Design.Extensibility.PropertyExtensionContext)" /> cuando la superficie de Entity Data Model Designer está seleccionada en Entity Data Model Designer.</summary>
    </member>
    <member name="F:Microsoft.Data.Entity.Design.Extensibility.EntityDesignerSelection.ConceptualModelEntitySet">
      <summary>Especifica que debe llamarse al método <see cref="M:Microsoft.Data.Entity.Design.Extensibility.IEntityDesignerExtendedProperty.CreateProperty(System.Xml.Linq.XElement,Microsoft.Data.Entity.Design.Extensibility.PropertyExtensionContext)" /> cuando en el Explorador de modelos está seleccionada una entidad de modelo conceptual.</summary>
    </member>
    <member name="F:Microsoft.Data.Entity.Design.Extensibility.EntityDesignerSelection.ConceptualModelAssociationSet">
      <summary>Especifica que debe llamarse al método <see cref="M:Microsoft.Data.Entity.Design.Extensibility.IEntityDesignerExtendedProperty.CreateProperty(System.Xml.Linq.XElement,Microsoft.Data.Entity.Design.Extensibility.PropertyExtensionContext)" /> cuando en el Explorador de modelos está seleccionado un conjunto de asociaciones de modelo conceptual.</summary>
    </member>
    <member name="F:Microsoft.Data.Entity.Design.Extensibility.EntityDesignerSelection.ConceptualModelEntityContainer">
      <summary>Especifica que debe llamarse al método <see cref="M:Microsoft.Data.Entity.Design.Extensibility.IEntityDesignerExtendedProperty.CreateProperty(System.Xml.Linq.XElement,Microsoft.Data.Entity.Design.Extensibility.PropertyExtensionContext)" /> cuando en el Explorador de modelos está seleccionado un contenedor de entidades de modelo conceptual.</summary>
    </member>
    <member name="F:Microsoft.Data.Entity.Design.Extensibility.EntityDesignerSelection.ConceptualModelEntityType">
      <summary>Especifica que debe llamarse al método <see cref="M:Microsoft.Data.Entity.Design.Extensibility.IEntityDesignerExtendedProperty.CreateProperty(System.Xml.Linq.XElement,Microsoft.Data.Entity.Design.Extensibility.PropertyExtensionContext)" /> cuando en Entity Data Model Designer o en el Explorador de modelos está seleccionado un tipo de entidad de modelo conceptual.</summary>
    </member>
    <member name="F:Microsoft.Data.Entity.Design.Extensibility.EntityDesignerSelection.ConceptualModelProperty">
      <summary>Especifica que debe llamarse al método <see cref="M:Microsoft.Data.Entity.Design.Extensibility.IEntityDesignerExtendedProperty.CreateProperty(System.Xml.Linq.XElement,Microsoft.Data.Entity.Design.Extensibility.PropertyExtensionContext)" /> cuando en Entity Data Model Designer o en el Explorador de modelos está seleccionada una propiedad de modelo conceptual.</summary>
    </member>
    <member name="F:Microsoft.Data.Entity.Design.Extensibility.EntityDesignerSelection.ConceptualModelNavigationProperty">
      <summary>Especifica que debe llamarse al método <see cref="M:Microsoft.Data.Entity.Design.Extensibility.IEntityDesignerExtendedProperty.CreateProperty(System.Xml.Linq.XElement,Microsoft.Data.Entity.Design.Extensibility.PropertyExtensionContext)" /> cuando en Entity Data Model Designer o en el Explorador de modelos está seleccionada una propiedad de navegación de modelo conceptual.</summary>
    </member>
    <member name="F:Microsoft.Data.Entity.Design.Extensibility.EntityDesignerSelection.ConceptualModelAssociation">
      <summary>Especifica que debe llamarse al método <see cref="M:Microsoft.Data.Entity.Design.Extensibility.IEntityDesignerExtendedProperty.CreateProperty(System.Xml.Linq.XElement,Microsoft.Data.Entity.Design.Extensibility.PropertyExtensionContext)" /> cuando en Entity Data Model Designer o en el Explorador de modelos está seleccionada una asociación de modelo conceptual.</summary>
    </member>
    <member name="F:Microsoft.Data.Entity.Design.Extensibility.EntityDesignerSelection.ConceptualModelComplexType">
      <summary>Especifica que debe llamarse al método <see cref="M:Microsoft.Data.Entity.Design.Extensibility.IEntityDesignerExtendedProperty.CreateProperty(System.Xml.Linq.XElement,Microsoft.Data.Entity.Design.Extensibility.PropertyExtensionContext)" /> cuando en Entity Data Model Designer o en el Explorador de modelos está seleccionado un tipo complejo de modelo conceptual.</summary>
    </member>
    <member name="F:Microsoft.Data.Entity.Design.Extensibility.EntityDesignerSelection.ConceptualModelComplexProperty">
      <summary>Especifica que debe llamarse al método <see cref="M:Microsoft.Data.Entity.Design.Extensibility.IEntityDesignerExtendedProperty.CreateProperty(System.Xml.Linq.XElement,Microsoft.Data.Entity.Design.Extensibility.PropertyExtensionContext)" /> cuando en el Explorador de modelos está seleccionada una propiedad compleja de modelo conceptual.</summary>
    </member>
    <member name="F:Microsoft.Data.Entity.Design.Extensibility.EntityDesignerSelection.ConceptualModelFunctionImport">
      <summary>Especifica que debe llamarse al método <see cref="M:Microsoft.Data.Entity.Design.Extensibility.IEntityDesignerExtendedProperty.CreateProperty(System.Xml.Linq.XElement,Microsoft.Data.Entity.Design.Extensibility.PropertyExtensionContext)" /> cuando en el Explorador de modelos está seleccionada una importación de función de modelo conceptual.</summary>
    </member>
    <member name="F:Microsoft.Data.Entity.Design.Extensibility.EntityDesignerSelection.ConceptualModelFunctionImportParameter">
      <summary>Especifica que debe llamarse al método <see cref="M:Microsoft.Data.Entity.Design.Extensibility.IEntityDesignerExtendedProperty.CreateProperty(System.Xml.Linq.XElement,Microsoft.Data.Entity.Design.Extensibility.PropertyExtensionContext)" /> cuando en el Explorador de modelos está seleccionado un parámetro de importación de función de modelo conceptual.</summary>
    </member>
    <member name="F:Microsoft.Data.Entity.Design.Extensibility.EntityDesignerSelection.StorageModelEntityContainer">
      <summary>Especifica que debe llamarse al método <see cref="M:Microsoft.Data.Entity.Design.Extensibility.IEntityDesignerExtendedProperty.CreateProperty(System.Xml.Linq.XElement,Microsoft.Data.Entity.Design.Extensibility.PropertyExtensionContext)" /> cuando en el Explorador de modelos está seleccionado un contenedor de entidades de modelo de almacenamiento.</summary>
    </member>
    <member name="F:Microsoft.Data.Entity.Design.Extensibility.EntityDesignerSelection.StorageModelEntityType">
      <summary>Especifica que debe llamarse al método <see cref="M:Microsoft.Data.Entity.Design.Extensibility.IEntityDesignerExtendedProperty.CreateProperty(System.Xml.Linq.XElement,Microsoft.Data.Entity.Design.Extensibility.PropertyExtensionContext)" /> cuando en el Explorador de modelos está seleccionado un tipo de entidad de modelo de almacenamiento.</summary>
    </member>
    <member name="F:Microsoft.Data.Entity.Design.Extensibility.EntityDesignerSelection.StorageModelProperty">
      <summary>Especifica que debe llamarse al método <see cref="M:Microsoft.Data.Entity.Design.Extensibility.IEntityDesignerExtendedProperty.CreateProperty(System.Xml.Linq.XElement,Microsoft.Data.Entity.Design.Extensibility.PropertyExtensionContext)" /> cuando en el Explorador de modelos está seleccionada una propiedad de modelo de almacenamiento.</summary>
    </member>
    <member name="F:Microsoft.Data.Entity.Design.Extensibility.EntityDesignerSelection.StorageModelAssociation">
      <summary>Especifica que debe llamarse al método <see cref="M:Microsoft.Data.Entity.Design.Extensibility.IEntityDesignerExtendedProperty.CreateProperty(System.Xml.Linq.XElement,Microsoft.Data.Entity.Design.Extensibility.PropertyExtensionContext)" /> cuando en el Explorador de modelos está seleccionada una asociación de modelo de almacenamiento.</summary>
    </member>
    <member name="F:Microsoft.Data.Entity.Design.Extensibility.EntityDesignerSelection.StorageModelFunction">
      <summary>Especifica que debe llamarse al método <see cref="M:Microsoft.Data.Entity.Design.Extensibility.IEntityDesignerExtendedProperty.CreateProperty(System.Xml.Linq.XElement,Microsoft.Data.Entity.Design.Extensibility.PropertyExtensionContext)" /> cuando en el Explorador de modelos está seleccionada una función de modelo de almacenamiento.</summary>
    </member>
    <member name="F:Microsoft.Data.Entity.Design.Extensibility.EntityDesignerSelection.StorageModelFunctionParameter">
      <summary>Especifica que debe llamarse al método <see cref="M:Microsoft.Data.Entity.Design.Extensibility.IEntityDesignerExtendedProperty.CreateProperty(System.Xml.Linq.XElement,Microsoft.Data.Entity.Design.Extensibility.PropertyExtensionContext)" /> cuando en el Explorador de modelos está seleccionado un parámetro de función de modelo de almacenamiento.</summary>
    </member>
    <member name="T:Microsoft.Data.Entity.Design.Extensibility.ExtensionContext">
      <summary>Una clase base para las clases <see cref="T:Microsoft.Data.Entity.Design.Extensibility.ModelGenerationExtensionContext" />, <see cref="T:Microsoft.Data.Entity.Design.Extensibility.PropertyExtensionContext" />, <see cref="T:Microsoft.Data.Entity.Design.Extensibility.ModelTransformExtensionContext" /> y <see cref="T:Microsoft.Data.Entity.Design.Extensibility.ModelConversionExtensionContext" />.</summary>
    </member>
    <member name="M:Microsoft.Data.Entity.Design.Extensibility.ExtensionContext.#ctor">
      <summary>Crea una nueva instancia de  <see cref="M:Microsoft.Data.Entity.Design.Extensibility.ExtensionContext" />.</summary>
    </member>
    <member name="P:Microsoft.Data.Entity.Design.Extensibility.ExtensionContext.EntityFrameworkVersion">
      <summary>La versión de destino de Entity Framework.</summary>
      <returns>La versión de destino de Entity Framework.</returns>
    </member>
    <member name="P:Microsoft.Data.Entity.Design.Extensibility.ExtensionContext.Project">
      <summary>El proyecto actual de Visual Studio.</summary>
      <returns>El proyecto actual de Visual Studio.</returns>
    </member>
    <member name="T:Microsoft.Data.Entity.Design.Extensibility.ExtensionError">
      <summary>Encapsula la información de error personalizada para las extensiones de Visual Studio que extienden la funcionalidad de Entity Data Model Designer.</summary>
    </member>
    <member name="M:Microsoft.Data.Entity.Design.Extensibility.ExtensionError.#ctor(System.String,System.Int32,Microsoft.Data.Entity.Design.Extensibility.ExtensionErrorSeverity)">
      <summary>Crea una nueva instancia de <see cref="T:Microsoft.Data.Entity.Design.Extensibility.ExtensionError" />.</summary>
      <param name="message">Mensaje que describe el error.</param>
      <param name="errorCode">Código de error asociado al error.</param>
      <param name="severity">Gravedad del error.</param>
    </member>
    <member name="M:Microsoft.Data.Entity.Design.Extensibility.ExtensionError.#ctor(System.String,System.Int32,Microsoft.Data.Entity.Design.Extensibility.ExtensionErrorSeverity,System.Int32,System.Int32)">
      <summary>Crea una nueva instancia de <see cref="T:Microsoft.Data.Entity.Design.Extensibility.ExtensionError" />.</summary>
      <param name="message">Mensaje que describe el error.</param>
      <param name="errorCode">Código de error asociado al error.</param>
      <param name="severity">Gravedad del error.</param>
      <param name="line">Línea del documento de entrada o salida en la que se produjo el error.</param>
      <param name="column">Columna del documento de entrada o salida en la que se produjo el error.</param>
    </member>
    <member name="P:Microsoft.Data.Entity.Design.Extensibility.ExtensionError.Column">
      <summary>Columna del documento de entrada o salida en la que se produjo el error.</summary>
      <returns>Columna del documento de entrada o salida en la que se produjo el error.</returns>
    </member>
    <member name="P:Microsoft.Data.Entity.Design.Extensibility.ExtensionError.ErrorCode">
      <summary>Código de error asociado al error.</summary>
      <returns>Código de error asociado al error.</returns>
    </member>
    <member name="P:Microsoft.Data.Entity.Design.Extensibility.ExtensionError.Line">
      <summary>Línea del documento de entrada o salida en la que se produjo el error.</summary>
      <returns>Línea del documento de entrada o salida en la que se produjo el error.</returns>
    </member>
    <member name="P:Microsoft.Data.Entity.Design.Extensibility.ExtensionError.Message">
      <summary>Mensaje que describe el error.</summary>
      <returns>Mensaje que describe el error.</returns>
    </member>
    <member name="P:Microsoft.Data.Entity.Design.Extensibility.ExtensionError.Severity">
      <summary>Gravedad del error.</summary>
      <returns>Gravedad del error.</returns>
    </member>
    <member name="T:Microsoft.Data.Entity.Design.Extensibility.ExtensionErrorSeverity">
      <summary>Enumeración que describe la gravedad de un <see cref="T:Microsoft.Data.Entity.Design.Extensibility.ExtensionError" />.</summary>
    </member>
    <member name="F:Microsoft.Data.Entity.Design.Extensibility.ExtensionErrorSeverity.Warning">
      <summary>Indica que la gravedad de la clase <see cref="T:Microsoft.Data.Entity.Design.Extensibility.ExtensionError" /> es Warning.Una clase <see cref="T:Microsoft.Data.Entity.Design.Extensibility.ExtensionError" /> con esta gravedad aparecerá en la Lista de errores de Visual Studio como advertencia.</summary>
    </member>
    <member name="F:Microsoft.Data.Entity.Design.Extensibility.ExtensionErrorSeverity.Error">
      <summary>Indica que la gravedad de la clase <see cref="T:Microsoft.Data.Entity.Design.Extensibility.ExtensionError" /> es Error.Una clase <see cref="T:Microsoft.Data.Entity.Design.Extensibility.ExtensionError" /> con esta gravedad aparecerá en la Lista de errores de Visual Studio como error.</summary>
    </member>
    <member name="F:Microsoft.Data.Entity.Design.Extensibility.ExtensionErrorSeverity.Message">
      <summary>Indica que la gravedad de la clase <see cref="T:Microsoft.Data.Entity.Design.Extensibility.ExtensionError" /> es Message.Una clase <see cref="T:Microsoft.Data.Entity.Design.Extensibility.ExtensionError" /> con esta gravedad aparecerá en la Lista de errores de Visual Studio como mensaje.</summary>
    </member>
    <member name="T:Microsoft.Data.Entity.Design.Extensibility.IEntityDesignerExtendedProperty">
      <summary>Expone métodos para agregar propiedades a los objetos que ve un usuario en Entity Data Model Designer o Explorador de modelos.</summary>
    </member>
    <member name="M:Microsoft.Data.Entity.Design.Extensibility.IEntityDesignerExtendedProperty.CreateProperty(System.Xml.Linq.XElement,Microsoft.Data.Entity.Design.Extensibility.PropertyExtensionContext)">
      <summary>Crea una nueva propiedad para un objeto que se selecciona en Entity Data Model Designer o en el Explorador de modelos.</summary>
      <returns>Objeto cuyas propiedades públicas se muestran en la ventana Propiedades de Visual Studio.Para obtener más información, vea <see cref="T:System.Windows.Forms.PropertyGrid" />.</returns>
      <param name="xElement">El elemento en el archivo .edmx que define el objeto seleccionado en la 4ccd7ad6-b934-4f7c-82a0-cfd2d4a95faf Entity Data Model Designer o el explorador de modelos de 94e836e8-a5ea-47ff-aa3e-599d8a02ebfd </param>
      <param name="context">Proporciona archivos y  Visual Studioinformación del proyecto . </param>
    </member>
    <member name="T:Microsoft.Data.Entity.Design.Extensibility.IModelConversionExtension">
      <summary>Expone métodos para convertir un formato de archivo personalizado a y del formato de archivo .edmx, que se puede leer en Entity Data Model Designer.</summary>
    </member>
    <member name="M:Microsoft.Data.Entity.Design.Extensibility.IModelConversionExtension.OnAfterFileLoaded(Microsoft.Data.Entity.Design.Extensibility.ModelConversionExtensionContext)">
      <summary>Define funcionalidad personalizada para cargar un archivo con un formato personalizado y convertirlo a un formato .edmx.</summary>
      <param name="context">Proporciona información sobre el archivo y el proyecto de Visual Studio.</param>
    </member>
    <member name="M:Microsoft.Data.Entity.Design.Extensibility.IModelConversionExtension.OnBeforeFileSaved(Microsoft.Data.Entity.Design.Extensibility.ModelConversionExtensionContext)">
      <summary>Define funcionalidad personalizada para convertir un archivo .edmx en un archivo con un formato personalizado antes de guardarlo.</summary>
      <param name="context">Proporciona información sobre el archivo y el proyecto de Visual Studio.</param>
    </member>
    <member name="T:Microsoft.Data.Entity.Design.Extensibility.IModelGenerationExtension">
      <summary>Expone métodos para personalizar la generación de archivos .edmx.</summary>
    </member>
    <member name="M:Microsoft.Data.Entity.Design.Extensibility.IModelGenerationExtension.OnAfterModelGenerated(Microsoft.Data.Entity.Design.Extensibility.ModelGenerationExtensionContext)">
      <summary>Define funcionalidad personalizada que se ejecuta después de que el Asistente para Entity Data Model genera un archivo .edmx.</summary>
      <param name="context">Proporciona información sobre el archivo y el proyecto de Visual Studio.</param>
    </member>
    <member name="M:Microsoft.Data.Entity.Design.Extensibility.IModelGenerationExtension.OnAfterModelUpdated(Microsoft.Data.Entity.Design.Extensibility.UpdateModelExtensionContext)">
      <summary>Define funcionalidad que se ejecuta después de que el Asistente para actualizar modelo actualiza un archivo .edmx.</summary>
      <param name="context">Proporciona información sobre el archivo y el proyecto de Visual Studio.</param>
    </member>
    <member name="T:Microsoft.Data.Entity.Design.Extensibility.IModelTransformExtension">
      <summary>Expone métodos para extender los procesos de carga y guardado de los archivos .edmx.</summary>
    </member>
    <member name="M:Microsoft.Data.Entity.Design.Extensibility.IModelTransformExtension.OnAfterModelLoaded(Microsoft.Data.Entity.Design.Extensibility.ModelTransformExtensionContext)">
      <summary>Define la funcionalidad para extender el proceso por el que Entity Data Model Designer carga un archivo .edmx.</summary>
      <param name="context">Proporciona información sobre el archivo y el proyecto de Visual Studio.</param>
    </member>
    <member name="M:Microsoft.Data.Entity.Design.Extensibility.IModelTransformExtension.OnBeforeModelSaved(Microsoft.Data.Entity.Design.Extensibility.ModelTransformExtensionContext)">
      <summary>Define la funcionalidad para extender el proceso por el que Entity Data Model Designer guarda un archivo .edmx.</summary>
      <param name="context">Proporciona información sobre el archivo y el proyecto de Visual Studio.</param>
    </member>
    <member name="T:Microsoft.Data.Entity.Design.Extensibility.ModelConversionExtensionContext">
      <summary>Proporciona información del archivo y el proyecto a las extensiones de Visual Studio que habilitan la carga y el guardado de formatos de archivo personalizados.</summary>
    </member>
    <member name="M:Microsoft.Data.Entity.Design.Extensibility.ModelConversionExtensionContext.#ctor">
      <summary>Crea una nueva instancia de la clase <see cref="T:Microsoft.Data.Entity.Design.Extensibility.ModelConversionExtensionContext" />.</summary>
    </member>
    <member name="P:Microsoft.Data.Entity.Design.Extensibility.ModelConversionExtensionContext.CurrentDocument">
      <summary>Devuelve el documento .edmx una vez convertido de un formato de archivo personalizado.</summary>
      <returns>Documento .edmx una vez convertido de un formato de archivo personalizado.</returns>
    </member>
    <member name="P:Microsoft.Data.Entity.Design.Extensibility.ModelConversionExtensionContext.Errors">
      <summary>Una lista de errores que se pueden mostrar en la Lista de errores de Visual Studio al cargar un formato de archivo personalizado y convertirlo en un formato de archivo personalizado.</summary>
      <returns>Una lista de errores que se pueden mostrar en la Lista de errores de Visual Studio al cargar un formato de archivo personalizado y convertirlo en un formato de archivo personalizado.</returns>
    </member>
    <member name="P:Microsoft.Data.Entity.Design.Extensibility.ModelConversionExtensionContext.FileInfo">
      <summary>Devuelve información sobre el archivo personalizado que se está procesando en Entity Data Model Designer.</summary>
      <returns>Información sobre el archivo personalizado que se está procesando en Entity Data Model Designer.</returns>
    </member>
    <member name="P:Microsoft.Data.Entity.Design.Extensibility.ModelConversionExtensionContext.OriginalDocument">
      <summary>Devuelve el documento original tal y como se abrió o guardó en Entity Designer.</summary>
      <returns>El documento original tal y como se abrió o guardó en Entity Designer.</returns>
    </member>
    <member name="P:Microsoft.Data.Entity.Design.Extensibility.ModelConversionExtensionContext.ProjectItem">
      <summary>Elemento de proyecto de Visual Studio actual.</summary>
      <returns>Elemento de proyecto de Visual Studio actual.</returns>
    </member>
    <member name="T:Microsoft.Data.Entity.Design.Extensibility.ModelFileExtensionAttribute">
      <summary>Especifica una extensión de archivo personalizado que la puede cargar o guardar Entity Data Model Designer.</summary>
    </member>
    <member name="M:Microsoft.Data.Entity.Design.Extensibility.ModelFileExtensionAttribute.#ctor(System.String)">
      <summary>Crea una nueva instancia de la clase <see cref="T:Microsoft.Data.Entity.Design.Extensibility.ModelFileExtensionAttribute" />.</summary>
      <param name="fileExtension">La extensión de los archivos personalizados que pueden ser cargados y salvado por 4ccd7ad6-b934-4f7c-82a0-cfd2d4a95faf Entity Data Model Designer.</param>
    </member>
    <member name="P:Microsoft.Data.Entity.Design.Extensibility.ModelFileExtensionAttribute.FileExtension">
      <summary>La extensión de archivo de los archivos personalizados que puede cargar y guardar Entity Data Model Designer.</summary>
      <returns>La extensión de archivo de los archivos personalizados que puede cargar y guardar Entity Data Model Designer.</returns>
    </member>
    <member name="T:Microsoft.Data.Entity.Design.Extensibility.ModelGenerationExtensionContext">
      <summary>Proporciona información sobre el archivo y el proyecto a las extensiones de Visual Studio que extienden el proceso de generación del archivo .edmx delAsistente para Entity Data Model.</summary>
    </member>
    <member name="M:Microsoft.Data.Entity.Design.Extensibility.ModelGenerationExtensionContext.#ctor">
      <summary>Crea una nueva instancia de la clase <see cref="M:Microsoft.Data.Entity.Design.Extensibility.ModelGenerationExtensionContext" />.</summary>
    </member>
    <member name="P:Microsoft.Data.Entity.Design.Extensibility.ModelGenerationExtensionContext.CurrentDocument">
      <summary>Representa el documento .edmx que se va a modificar.</summary>
      <returns>Representa el documento .edmx que se va a modificar.</returns>
    </member>
    <member name="P:Microsoft.Data.Entity.Design.Extensibility.ModelGenerationExtensionContext.GeneratedDocument">
      <summary>Representa el archivo .edmx original generado por el Asistente para Entity Data Model.</summary>
      <returns>Representa el archivo .edmx original generado por el Asistente para Entity Data Model.</returns>
    </member>
    <member name="P:Microsoft.Data.Entity.Design.Extensibility.ModelGenerationExtensionContext.WizardKind">
      <summary>El asistente que inició la generación del archivo .edmx o el proceso de actualización.</summary>
      <returns>El asistente que inició la generación del archivo .edmx o el proceso de actualización.</returns>
    </member>
    <member name="T:Microsoft.Data.Entity.Design.Extensibility.ModelTransformExtensionContext">
      <summary>Proporciona información del proyecto y de los archivos a las extensiones de Visual Studio que amplían las operaciones de carga y almacenamiento de archivos .edmx por parte de Entity Data Model Designer.</summary>
    </member>
    <member name="M:Microsoft.Data.Entity.Design.Extensibility.ModelTransformExtensionContext.#ctor">
      <summary>Crea una instancia de <see cref="T:Microsoft.Data.Entity.Design.Extensibility.ModelTransformExtensionContext" />.</summary>
    </member>
    <member name="P:Microsoft.Data.Entity.Design.Extensibility.ModelTransformExtensionContext.CurrentDocument">
      <summary>Archivo .edmx actual sobre el que pueden operar las extensiones de Visual Studio.</summary>
      <returns>Archivo .edmx actual sobre el que pueden operar las extensiones de Visual Studio.</returns>
    </member>
    <member name="P:Microsoft.Data.Entity.Design.Extensibility.ModelTransformExtensionContext.Errors">
      <summary>Lista de errores que se pueden mostrar en la Lista de errores de Visual Studio cuando el Entity Data Model Designer carga o guarda archivos .edmx.</summary>
      <returns>Lista de errores que se pueden mostrar en la Lista de errores de Visual Studio cuando el Entity Data Model Designer carga o guarda archivos .edmx.</returns>
    </member>
    <member name="P:Microsoft.Data.Entity.Design.Extensibility.ModelTransformExtensionContext.OriginalDocument">
      <summary>Archivo .edmx original cargado en memoria.</summary>
      <returns>Archivo .edmx original cargado en memoria.</returns>
    </member>
    <member name="P:Microsoft.Data.Entity.Design.Extensibility.ModelTransformExtensionContext.ProjectItem">
      <summary>Elemento de proyecto de Visual Studio actual.</summary>
      <returns>Elemento de proyecto de Visual Studio actual.</returns>
    </member>
    <member name="T:Microsoft.Data.Entity.Design.Extensibility.PropertyExtensionContext">
      <summary>Proporciona información de archivos y del proyecto a las extensiones de Visual Studio que agregan propiedades personalizadas a objetos visibles en el Entity Data Model Designer o el Explorador de modelos.</summary>
    </member>
    <member name="M:Microsoft.Data.Entity.Design.Extensibility.PropertyExtensionContext.#ctor">
      <summary>Crea una nueva instancia de la clase <see cref="M:Microsoft.Data.Entity.Design.Extensibility.PropertyExtensionContext" />.</summary>
    </member>
    <member name="M:Microsoft.Data.Entity.Design.Extensibility.PropertyExtensionContext.CreateChangeScope(System.String)">
      <summary>Crea un objeto <see cref="T:Microsoft.Data.Entity.Design.Extensibility.EntityDesignerChangeScope" /> y establece la cadena que aparecerá en las listas desplegables para los botones Deshacer y Rehacer en Visual Studio.</summary>
      <returns>Objeto <see cref="T:Microsoft.Data.Entity.Design.Extensibility.EntityDesignerChangeScope" />.</returns>
      <param name="undoRedoDescription">La cadena que aparecerá en las listas desplegables para los botones Deshacer y Rehacer en Visual Studio.</param>
    </member>
    <member name="P:Microsoft.Data.Entity.Design.Extensibility.PropertyExtensionContext.ProjectItem">
      <summary>El elemento de proyecto de Visual Studio actual.</summary>
      <returns>El elemento de proyecto de Visual Studio actual.</returns>
    </member>
    <member name="T:Microsoft.Data.Entity.Design.Extensibility.UpdateModelExtensionContext">
      <summary>Proporciona información sobre los archivos y el proyecto a las extensiones de Visual Studio que extienden el proceso de actualización del archivo .edmx del Asistente para actualizar modelo.</summary>
    </member>
    <member name="M:Microsoft.Data.Entity.Design.Extensibility.UpdateModelExtensionContext.#ctor">
      <summary>Crea una nueva instancia de <see cref="M:Microsoft.Data.Entity.Design.Extensibility.UpdateModelExtensionContext" />.</summary>
    </member>
    <member name="P:Microsoft.Data.Entity.Design.Extensibility.UpdateModelExtensionContext.OriginalDocument">
      <summary>Representa el archivo .edmx antes de que se haya ejecutado el Asistente para actualizar modelo.</summary>
      <returns>Representa el archivo .edmx antes de que se haya ejecutado el Asistente para actualizar modelo.</returns>
    </member>
    <member name="P:Microsoft.Data.Entity.Design.Extensibility.UpdateModelExtensionContext.ProjectItem">
      <summary>Elemento del proyecto actual de Visual Studio.</summary>
      <returns>Elemento del proyecto actual de Visual Studio.</returns>
    </member>
    <member name="P:Microsoft.Data.Entity.Design.Extensibility.UpdateModelExtensionContext.UpdateModelDocument">
      <summary>Representa el archivo .edmx después de que se haya ejecutado el Asistente para actualizar modelo.</summary>
      <returns>Representa el archivo .edmx después de que se haya ejecutado el Asistente para actualizar modelo.</returns>
    </member>
    <member name="T:Microsoft.Data.Entity.Design.Extensibility.WizardKind">
      <summary>Enumeración que proporciona información sobre el asistente que inició un proceso de generación o actualización del archivo .edmx.</summary>
    </member>
    <member name="F:Microsoft.Data.Entity.Design.Extensibility.WizardKind.None">
      <summary>Indica que ningún asistente inició el proceso de modificación del archivo .edmx.</summary>
    </member>
    <member name="F:Microsoft.Data.Entity.Design.Extensibility.WizardKind.Generate">
      <summary>Indica que el Asistente para Entity Data Model inició un proceso de generación del archivo .edmx.</summary>
    </member>
    <member name="F:Microsoft.Data.Entity.Design.Extensibility.WizardKind.UpdateModel">
      <summary>Indica que el Asistente para actualizar modelo inició un proceso de actualización del archivo .edmx.</summary>
    </member>
  </members>
</doc>