﻿<?xml version="1.0" encoding="utf-8"?>
<doc>
  <assembly>
    <name>Microsoft.Data.Entity.Design.Extensibility</name>
  </assembly>
  <members>
    <member name="T:Microsoft.Data.Entity.Design.Extensibility.EntityDesignerChangeScope">
      <summary>Crea un'unità di lavoro che può essere annullata o ripetuta tramite i pulsanti Annulla e Ripeti in Visual Studio.</summary>
    </member>
    <member name="M:Microsoft.Data.Entity.Design.Extensibility.EntityDesignerChangeScope.#ctor">
      <summary>Crea una nuova istanza della classe <see cref="T:Microsoft.Data.Entity.Design.Extensibility.EntityDesignerChangeScope" />.</summary>
    </member>
    <member name="M:Microsoft.Data.Entity.Design.Extensibility.EntityDesignerChangeScope.Complete">
      <summary>Esegue il commit di tutte le operazioni all'interno di un ambito di modifica.</summary>
    </member>
    <member name="M:Microsoft.Data.Entity.Design.Extensibility.EntityDesignerChangeScope.Dispose">
      <summary>Rilascia tutte le risorse utilizzate dall'istanza corrente della classe <see cref="T:Microsoft.Data.Entity.Design.Extensibility.EntityDesignerChangeScope" />.</summary>
    </member>
    <member name="T:Microsoft.Data.Entity.Design.Extensibility.EntityDesignerExtendedPropertyAttribute">
      <summary>Specifica gli oggetti che, quando selezionati dall'utente in Entity Data Model Designer o in Browser modello, determinano una chiamata al metodo <see cref="M:Microsoft.Data.Entity.Design.Extensibility.IEntityDesignerExtendedProperty.CreateProperty(System.Xml.Linq.XElement,Microsoft.Data.Entity.Design.Extensibility.PropertyExtensionContext)" /> della classe annotata.</summary>
    </member>
    <member name="M:Microsoft.Data.Entity.Design.Extensibility.EntityDesignerExtendedPropertyAttribute.#ctor(Microsoft.Data.Entity.Design.Extensibility.EntityDesignerSelection)">
      <summary>Crea una nuova istanza del  <see cref="T:Microsoft.Data.Entity.Design.Extensibility.EntityDesignerExtendedPropertyAttribute" /> classe. </summary>
      <param name="entityDesignerSelection">L' oggetto in 4ccd7ad6-b934-4f7c-82a0-cfd2d4a95faf Entity Data Model Designer o Browser modello 94e836e8-a5ea-47ff-aa3e-599d8a02ebfd che, quando selezionato da un utente, innesca la chiamata del  <see cref="M:Microsoft.Data.Entity.Design.Extensibility.IEntityDesignerExtendedProperty.CreateProperty" /> metodo. </param>
    </member>
    <member name="P:Microsoft.Data.Entity.Design.Extensibility.EntityDesignerExtendedPropertyAttribute.EntityDesignerSelection">
      <summary>Oggetto che, quando selezionato dall'utente in Entity Data Model Designer o in Browser modello, attiva una chiamata al metodo <see cref="M:Microsoft.Data.Entity.Design.Extensibility.IEntityDesignerExtendedProperty.CreateProperty" />.</summary>
      <returns>Oggetto che, quando selezionato dall'utente in Entity Data Model Designer attiva una chiamata al metodo <see cref="M:Microsoft.Data.Entity.Design.Extensibility.IEntityDesignerExtendedProperty.CreateProperty" />.</returns>
    </member>
    <member name="T:Microsoft.Data.Entity.Design.Extensibility.EntityDesignerSelection">
      <summary>Enumerazione utilizzata per specificare i tipi di oggetti che, quando selezionati in Entity Data Model Designer o in Browser modello, determinano una chiamata al metodo <see cref="M:Microsoft.Data.Entity.Design.Extensibility.IEntityDesignerExtendedProperty.CreateProperty(System.Xml.Linq.XElement,Microsoft.Data.Entity.Design.Extensibility.PropertyExtensionContext)" /> della classe annotata.</summary>
    </member>
    <member name="F:Microsoft.Data.Entity.Design.Extensibility.EntityDesignerSelection.DesignerSurface">
      <summary>Specifica la necessità di chiamare il metodo <see cref="M:Microsoft.Data.Entity.Design.Extensibility.IEntityDesignerExtendedProperty.CreateProperty(System.Xml.Linq.XElement,Microsoft.Data.Entity.Design.Extensibility.PropertyExtensionContext)" /> quando viene selezionata l'area di progettazione di Entity Data Model in Entity Data Model Designer.</summary>
    </member>
    <member name="F:Microsoft.Data.Entity.Design.Extensibility.EntityDesignerSelection.ConceptualModelEntitySet">
      <summary>Specifica la necessità di chiamare il metodo <see cref="M:Microsoft.Data.Entity.Design.Extensibility.IEntityDesignerExtendedProperty.CreateProperty(System.Xml.Linq.XElement,Microsoft.Data.Entity.Design.Extensibility.PropertyExtensionContext)" /> quando viene selezionato un set di entità in un modello concettuale in Browser modello.</summary>
    </member>
    <member name="F:Microsoft.Data.Entity.Design.Extensibility.EntityDesignerSelection.ConceptualModelAssociationSet">
      <summary>Specifica la necessità di chiamare il metodo <see cref="M:Microsoft.Data.Entity.Design.Extensibility.IEntityDesignerExtendedProperty.CreateProperty(System.Xml.Linq.XElement,Microsoft.Data.Entity.Design.Extensibility.PropertyExtensionContext)" /> quando viene selezionato un set di associazioni in un modello concettuale in Browser modello.</summary>
    </member>
    <member name="F:Microsoft.Data.Entity.Design.Extensibility.EntityDesignerSelection.ConceptualModelEntityContainer">
      <summary>Specifica la necessità di chiamare il metodo <see cref="M:Microsoft.Data.Entity.Design.Extensibility.IEntityDesignerExtendedProperty.CreateProperty(System.Xml.Linq.XElement,Microsoft.Data.Entity.Design.Extensibility.PropertyExtensionContext)" /> quando viene selezionato un contenitore di entità in un modello concettuale in Browser modello.</summary>
    </member>
    <member name="F:Microsoft.Data.Entity.Design.Extensibility.EntityDesignerSelection.ConceptualModelEntityType">
      <summary>Specifica la necessità di chiamare il metodo <see cref="M:Microsoft.Data.Entity.Design.Extensibility.IEntityDesignerExtendedProperty.CreateProperty(System.Xml.Linq.XElement,Microsoft.Data.Entity.Design.Extensibility.PropertyExtensionContext)" /> quando viene selezionato un tipo di entità in un modello concettuale in Entity Data Model Designer o in Browser modello.</summary>
    </member>
    <member name="F:Microsoft.Data.Entity.Design.Extensibility.EntityDesignerSelection.ConceptualModelProperty">
      <summary>Specifica la necessità di chiamare il metodo <see cref="M:Microsoft.Data.Entity.Design.Extensibility.IEntityDesignerExtendedProperty.CreateProperty(System.Xml.Linq.XElement,Microsoft.Data.Entity.Design.Extensibility.PropertyExtensionContext)" /> quando viene selezionata una proprietà in un modello concettuale in Entity Data Model Designer o in Browser modello.</summary>
    </member>
    <member name="F:Microsoft.Data.Entity.Design.Extensibility.EntityDesignerSelection.ConceptualModelNavigationProperty">
      <summary>Specifica la necessità di chiamare il metodo <see cref="M:Microsoft.Data.Entity.Design.Extensibility.IEntityDesignerExtendedProperty.CreateProperty(System.Xml.Linq.XElement,Microsoft.Data.Entity.Design.Extensibility.PropertyExtensionContext)" /> quando viene selezionata una proprietà di navigazione in un modello concettuale in Entity Data Model Designer o in Browser modello.</summary>
    </member>
    <member name="F:Microsoft.Data.Entity.Design.Extensibility.EntityDesignerSelection.ConceptualModelAssociation">
      <summary>Specifica la necessità di chiamare il metodo <see cref="M:Microsoft.Data.Entity.Design.Extensibility.IEntityDesignerExtendedProperty.CreateProperty(System.Xml.Linq.XElement,Microsoft.Data.Entity.Design.Extensibility.PropertyExtensionContext)" /> quando viene selezionata un'associazione in un modello concettuale in Entity Data Model Designer o in Browser modello.</summary>
    </member>
    <member name="F:Microsoft.Data.Entity.Design.Extensibility.EntityDesignerSelection.ConceptualModelComplexType">
      <summary>Specifica la necessità di chiamare il metodo <see cref="M:Microsoft.Data.Entity.Design.Extensibility.IEntityDesignerExtendedProperty.CreateProperty(System.Xml.Linq.XElement,Microsoft.Data.Entity.Design.Extensibility.PropertyExtensionContext)" /> quando viene selezionato un tipo complesso in un modello concettuale in Entity Data Model Designer o in Browser modello.</summary>
    </member>
    <member name="F:Microsoft.Data.Entity.Design.Extensibility.EntityDesignerSelection.ConceptualModelComplexProperty">
      <summary>Specifica la necessità di chiamare il metodo <see cref="M:Microsoft.Data.Entity.Design.Extensibility.IEntityDesignerExtendedProperty.CreateProperty(System.Xml.Linq.XElement,Microsoft.Data.Entity.Design.Extensibility.PropertyExtensionContext)" /> quando viene selezionata una proprietà complessa in un modello concettuale in Browser modello.</summary>
    </member>
    <member name="F:Microsoft.Data.Entity.Design.Extensibility.EntityDesignerSelection.ConceptualModelFunctionImport">
      <summary>Specifica la necessità di chiamare il metodo <see cref="M:Microsoft.Data.Entity.Design.Extensibility.IEntityDesignerExtendedProperty.CreateProperty(System.Xml.Linq.XElement,Microsoft.Data.Entity.Design.Extensibility.PropertyExtensionContext)" /> quando viene selezionata un'importazione di funzioni in un modello concettuale in Browser modello.</summary>
    </member>
    <member name="F:Microsoft.Data.Entity.Design.Extensibility.EntityDesignerSelection.ConceptualModelFunctionImportParameter">
      <summary>Specifica la necessità di chiamare il metodo <see cref="M:Microsoft.Data.Entity.Design.Extensibility.IEntityDesignerExtendedProperty.CreateProperty(System.Xml.Linq.XElement,Microsoft.Data.Entity.Design.Extensibility.PropertyExtensionContext)" /> quando viene selezionato un parametro di importazione di funzioni in un modello concettuale in Browser modello.</summary>
    </member>
    <member name="F:Microsoft.Data.Entity.Design.Extensibility.EntityDesignerSelection.StorageModelEntityContainer">
      <summary>Specifica la necessità di chiamare il metodo <see cref="M:Microsoft.Data.Entity.Design.Extensibility.IEntityDesignerExtendedProperty.CreateProperty(System.Xml.Linq.XElement,Microsoft.Data.Entity.Design.Extensibility.PropertyExtensionContext)" /> quando viene selezionato un contenitore di entità in un modello di archiviazione in Browser modello.</summary>
    </member>
    <member name="F:Microsoft.Data.Entity.Design.Extensibility.EntityDesignerSelection.StorageModelEntityType">
      <summary>Specifica la necessità di chiamare il metodo <see cref="M:Microsoft.Data.Entity.Design.Extensibility.IEntityDesignerExtendedProperty.CreateProperty(System.Xml.Linq.XElement,Microsoft.Data.Entity.Design.Extensibility.PropertyExtensionContext)" /> quando viene selezionato un tipo di entità in un modello di archiviazione in Browser modello.</summary>
    </member>
    <member name="F:Microsoft.Data.Entity.Design.Extensibility.EntityDesignerSelection.StorageModelProperty">
      <summary>Specifica la necessità di chiamare il metodo <see cref="M:Microsoft.Data.Entity.Design.Extensibility.IEntityDesignerExtendedProperty.CreateProperty(System.Xml.Linq.XElement,Microsoft.Data.Entity.Design.Extensibility.PropertyExtensionContext)" /> quando viene selezionata una proprietà in un modello di archiviazione in Browser modello.</summary>
    </member>
    <member name="F:Microsoft.Data.Entity.Design.Extensibility.EntityDesignerSelection.StorageModelAssociation">
      <summary>Specifica la necessità di chiamare il metodo <see cref="M:Microsoft.Data.Entity.Design.Extensibility.IEntityDesignerExtendedProperty.CreateProperty(System.Xml.Linq.XElement,Microsoft.Data.Entity.Design.Extensibility.PropertyExtensionContext)" /> quando viene selezionata un'associazione in un modello di archiviazione in Browser modello.</summary>
    </member>
    <member name="F:Microsoft.Data.Entity.Design.Extensibility.EntityDesignerSelection.StorageModelFunction">
      <summary>Specifica la necessità di chiamare il metodo <see cref="M:Microsoft.Data.Entity.Design.Extensibility.IEntityDesignerExtendedProperty.CreateProperty(System.Xml.Linq.XElement,Microsoft.Data.Entity.Design.Extensibility.PropertyExtensionContext)" /> quando viene selezionata una funzione in un modello di archiviazione in Browser modello.</summary>
    </member>
    <member name="F:Microsoft.Data.Entity.Design.Extensibility.EntityDesignerSelection.StorageModelFunctionParameter">
      <summary>Specifica la necessità di chiamare il metodo <see cref="M:Microsoft.Data.Entity.Design.Extensibility.IEntityDesignerExtendedProperty.CreateProperty(System.Xml.Linq.XElement,Microsoft.Data.Entity.Design.Extensibility.PropertyExtensionContext)" /> quando viene selezionato un parametro di funzione in un modello di archiviazione in Browser modello.</summary>
    </member>
    <member name="T:Microsoft.Data.Entity.Design.Extensibility.ExtensionContext">
      <summary>Classe di base per le classi <see cref="T:Microsoft.Data.Entity.Design.Extensibility.ModelGenerationExtensionContext" />, <see cref="T:Microsoft.Data.Entity.Design.Extensibility.PropertyExtensionContext" />, <see cref="T:Microsoft.Data.Entity.Design.Extensibility.ModelTransformExtensionContext" /> e <see cref="T:Microsoft.Data.Entity.Design.Extensibility.ModelConversionExtensionContext" />.</summary>
    </member>
    <member name="M:Microsoft.Data.Entity.Design.Extensibility.ExtensionContext.#ctor">
      <summary>Crea una nuova istanza di  <see cref="M:Microsoft.Data.Entity.Design.Extensibility.ExtensionContext" />. .</summary>
    </member>
    <member name="P:Microsoft.Data.Entity.Design.Extensibility.ExtensionContext.EntityFrameworkVersion">
      <summary>Versione di destinazione di Entity Framework.</summary>
      <returns>Versione di destinazione di Entity Framework.</returns>
    </member>
    <member name="P:Microsoft.Data.Entity.Design.Extensibility.ExtensionContext.Project">
      <summary>Progetto di Visual Studio corrente.</summary>
      <returns>Progetto di Visual Studio corrente.</returns>
    </member>
    <member name="T:Microsoft.Data.Entity.Design.Extensibility.ExtensionError">
      <summary>Incapsula informazioni personalizzate sugli errori per le estensioni di Visual Studio che estendono le funzionalità di Entity Data Model Designer.</summary>
    </member>
    <member name="M:Microsoft.Data.Entity.Design.Extensibility.ExtensionError.#ctor(System.String,System.Int32,Microsoft.Data.Entity.Design.Extensibility.ExtensionErrorSeverity)">
      <summary>Crea una nuova istanza della classe <see cref="T:Microsoft.Data.Entity.Design.Extensibility.ExtensionError" />.</summary>
      <param name="message">Messaggio in cui viene descritto l'errore.</param>
      <param name="errorCode">Codice di errore associato all'errore.</param>
      <param name="severity">Gravità dell'errore.</param>
    </member>
    <member name="M:Microsoft.Data.Entity.Design.Extensibility.ExtensionError.#ctor(System.String,System.Int32,Microsoft.Data.Entity.Design.Extensibility.ExtensionErrorSeverity,System.Int32,System.Int32)">
      <summary>Crea una nuova istanza della classe <see cref="T:Microsoft.Data.Entity.Design.Extensibility.ExtensionError" />.</summary>
      <param name="message">Messaggio in cui viene descritto l'errore.</param>
      <param name="errorCode">Codice di errore associato all'errore.</param>
      <param name="severity">Gravità dell'errore.</param>
      <param name="line">Riga del documento di input o di output nella quale si è verificato l'errore.</param>
      <param name="column">Colonna del documento di input o di output nella quale si è verificato l'errore.</param>
    </member>
    <member name="P:Microsoft.Data.Entity.Design.Extensibility.ExtensionError.Column">
      <summary>Colonna del documento di input o di output nella quale si è verificato l'errore.</summary>
      <returns>Colonna del documento di input o di output nella quale si è verificato l'errore.</returns>
    </member>
    <member name="P:Microsoft.Data.Entity.Design.Extensibility.ExtensionError.ErrorCode">
      <summary>Codice di errore associato all'errore.</summary>
      <returns>Codice di errore associato all'errore.</returns>
    </member>
    <member name="P:Microsoft.Data.Entity.Design.Extensibility.ExtensionError.Line">
      <summary>Riga del documento di input o di output nella quale si è verificato l'errore.</summary>
      <returns>Riga del documento di input o di output nella quale si è verificato l'errore.</returns>
    </member>
    <member name="P:Microsoft.Data.Entity.Design.Extensibility.ExtensionError.Message">
      <summary>Messaggio in cui viene descritto l'errore.</summary>
      <returns>Messaggio in cui viene descritto l'errore.</returns>
    </member>
    <member name="P:Microsoft.Data.Entity.Design.Extensibility.ExtensionError.Severity">
      <summary>Gravità dell'errore.</summary>
      <returns>Gravità dell'errore.</returns>
    </member>
    <member name="T:Microsoft.Data.Entity.Design.Extensibility.ExtensionErrorSeverity">
      <summary>Enumerazione che descrive la gravità di un oggetto <see cref="T:Microsoft.Data.Entity.Design.Extensibility.ExtensionError" />.</summary>
    </member>
    <member name="F:Microsoft.Data.Entity.Design.Extensibility.ExtensionErrorSeverity.Warning">
      <summary>Indica che la gravità dell'oggetto <see cref="T:Microsoft.Data.Entity.Design.Extensibility.ExtensionError" /> è Warning.Un oggetto <see cref="T:Microsoft.Data.Entity.Design.Extensibility.ExtensionError" /> con questa gravità sarà visualizzato come avviso nella finestra Elenco errori di Visual Studio.</summary>
    </member>
    <member name="F:Microsoft.Data.Entity.Design.Extensibility.ExtensionErrorSeverity.Error">
      <summary>Indica che la gravità dell'oggetto <see cref="T:Microsoft.Data.Entity.Design.Extensibility.ExtensionError" /> è Error.Un oggetto <see cref="T:Microsoft.Data.Entity.Design.Extensibility.ExtensionError" /> con questa gravità sarà visualizzato come errore nella finestra Elenco errori di Visual Studio.</summary>
    </member>
    <member name="F:Microsoft.Data.Entity.Design.Extensibility.ExtensionErrorSeverity.Message">
      <summary>Indica che la gravità dell'oggetto <see cref="T:Microsoft.Data.Entity.Design.Extensibility.ExtensionError" /> è Message.Un oggetto <see cref="T:Microsoft.Data.Entity.Design.Extensibility.ExtensionError" /> con questa gravità sarà visualizzato come messaggio nella finestra Elenco errori di Visual Studio.</summary>
    </member>
    <member name="T:Microsoft.Data.Entity.Design.Extensibility.IEntityDesignerExtendedProperty">
      <summary>Espone metodi per l'aggiunta di proprietà a oggetti che sono visibili all'utente in Entity Data Model Designer o in Browser modello.</summary>
    </member>
    <member name="M:Microsoft.Data.Entity.Design.Extensibility.IEntityDesignerExtendedProperty.CreateProperty(System.Xml.Linq.XElement,Microsoft.Data.Entity.Design.Extensibility.PropertyExtensionContext)">
      <summary>Crea una nuova proprietà per un oggetto selezionato in Entity Data Model Designer o in Browser modello.</summary>
      <returns>Oggetto le cui proprietà pubbliche vengono visualizzate nella finestra Proprietà di Visual Studio.Per ulteriori informazioni, vedere <see cref="T:System.Windows.Forms.PropertyGrid" />.</returns>
      <param name="xElement">L'elemento nel file con estensione edmx che definisce l' oggetto selezionato nel 4ccd7ad6-b934-4f7c-82a0-cfd2d4a95faf Entity Data Model Designer o Browser modello 94e836e8-a5ea-47ff-aa3e-599d8a02ebfd </param>
      <param name="context">Fornisce il file e  Visual Studioinformazioni sul progetto . </param>
    </member>
    <member name="T:Microsoft.Data.Entity.Design.Extensibility.IModelConversionExtension">
      <summary>Espone metodi per la conversione di un formato di file personalizzato da e verso il formato di file edmx che può essere letto da Entity Data Model Designer.</summary>
    </member>
    <member name="M:Microsoft.Data.Entity.Design.Extensibility.IModelConversionExtension.OnAfterFileLoaded(Microsoft.Data.Entity.Design.Extensibility.ModelConversionExtensionContext)">
      <summary>Definisce la funzionalità personalizzata per il caricamento e la conversione di un file con un formato personalizzato in un formato edmx.</summary>
      <param name="context">Fornisce informazioni relative ai file e al progetto di Visual Studio.</param>
    </member>
    <member name="M:Microsoft.Data.Entity.Design.Extensibility.IModelConversionExtension.OnBeforeFileSaved(Microsoft.Data.Entity.Design.Extensibility.ModelConversionExtensionContext)">
      <summary>Definisce la funzionalità personalizzata per la conversione di un file edmx in un file con un formato personalizzato prima che venga salvato.</summary>
      <param name="context">Fornisce informazioni relative ai file e al progetto di Visual Studio.</param>
    </member>
    <member name="T:Microsoft.Data.Entity.Design.Extensibility.IModelGenerationExtension">
      <summary>Espone metodi per personalizzare la generazione dei file edmx.</summary>
    </member>
    <member name="M:Microsoft.Data.Entity.Design.Extensibility.IModelGenerationExtension.OnAfterModelGenerated(Microsoft.Data.Entity.Design.Extensibility.ModelGenerationExtensionContext)">
      <summary>Definisce la funzionalità personalizzata eseguita dopo che un file edmx è stato generato mediante la procedura guidata Entity Data Model.</summary>
      <param name="context">Fornisce informazioni relative ai file e al progetto di Visual Studio.</param>
    </member>
    <member name="M:Microsoft.Data.Entity.Design.Extensibility.IModelGenerationExtension.OnAfterModelUpdated(Microsoft.Data.Entity.Design.Extensibility.UpdateModelExtensionContext)">
      <summary>Definisce la funzionalità personalizzata eseguita dopo che un file edmx è stato aggiornato mediante la procedura guidata Aggiornamento modello.</summary>
      <param name="context">Fornisce informazioni relative ai file e al progetto di Visual Studio.</param>
    </member>
    <member name="T:Microsoft.Data.Entity.Design.Extensibility.IModelTransformExtension">
      <summary>Espone metodi per l'estensione dei processi di caricamento e di salvataggio dei file edmx.</summary>
    </member>
    <member name="M:Microsoft.Data.Entity.Design.Extensibility.IModelTransformExtension.OnAfterModelLoaded(Microsoft.Data.Entity.Design.Extensibility.ModelTransformExtensionContext)">
      <summary>Definisce la funzionalità per l'estensione del processo mediante il quale un file edmx viene caricato da Entity Data Model Designer.</summary>
      <param name="context">Fornisce informazioni relative ai file e al progetto di Visual Studio.</param>
    </member>
    <member name="M:Microsoft.Data.Entity.Design.Extensibility.IModelTransformExtension.OnBeforeModelSaved(Microsoft.Data.Entity.Design.Extensibility.ModelTransformExtensionContext)">
      <summary>Definisce la funzionalità per l'estensione del processo mediante il quale un file edmx viene salvato da Entity Data Model Designer.</summary>
      <param name="context">Fornisce informazioni relative ai file e al progetto di Visual Studio.</param>
    </member>
    <member name="T:Microsoft.Data.Entity.Design.Extensibility.ModelConversionExtensionContext">
      <summary>Fornisce informazioni relative ai file e al progetto alle estensioni di Visual Studio che abilitano il caricamento e il salvataggio di formati di file personalizzati.</summary>
    </member>
    <member name="M:Microsoft.Data.Entity.Design.Extensibility.ModelConversionExtensionContext.#ctor">
      <summary>Crea una nuova istanza della classe <see cref="T:Microsoft.Data.Entity.Design.Extensibility.ModelConversionExtensionContext" />.</summary>
    </member>
    <member name="P:Microsoft.Data.Entity.Design.Extensibility.ModelConversionExtensionContext.CurrentDocument">
      <summary>Restituisce il documento edmx dopo che è stato convertito da un formato di file personalizzato.</summary>
      <returns>Documento edmx dopo che è stato convertito da un formato di file personalizzato.</returns>
    </member>
    <member name="P:Microsoft.Data.Entity.Design.Extensibility.ModelConversionExtensionContext.Errors">
      <summary>Elenco di errori che possono essere visualizzati nell'Elenco di errori di Visual Studio quando un formato di file personalizzato viene caricato e convertito in un altro formato di file personalizzato.</summary>
      <returns>Elenco di errori che possono essere visualizzati nell'Elenco di errori di Visual Studio quando un formato di file personalizzato viene caricato e convertito in un altro formato di file personalizzato.</returns>
    </member>
    <member name="P:Microsoft.Data.Entity.Design.Extensibility.ModelConversionExtensionContext.FileInfo">
      <summary>Restituisce informazioni sul file personalizzato elaborato da Entity Data Model Designer.</summary>
      <returns>Informazioni sul file personalizzato elaborato da Entity Data Model Designer.</returns>
    </member>
    <member name="P:Microsoft.Data.Entity.Design.Extensibility.ModelConversionExtensionContext.OriginalDocument">
      <summary>Restituisce il documento originale aperto o salvato da Entity Designer.</summary>
      <returns>Documento originale aperto o salvato da Entity Designer.</returns>
    </member>
    <member name="P:Microsoft.Data.Entity.Design.Extensibility.ModelConversionExtensionContext.ProjectItem">
      <summary>Elemento del progetto Visual Studio corrente.</summary>
      <returns>Elemento del progetto Visual Studio corrente.</returns>
    </member>
    <member name="T:Microsoft.Data.Entity.Design.Extensibility.ModelFileExtensionAttribute">
      <summary>Specifica un'estensione di file personalizzata che può essere caricata o salvata da Entity Data Model Designer.</summary>
    </member>
    <member name="M:Microsoft.Data.Entity.Design.Extensibility.ModelFileExtensionAttribute.#ctor(System.String)">
      <summary>Crea una nuova istanza della classe <see cref="T:Microsoft.Data.Entity.Design.Extensibility.ModelFileExtensionAttribute" />.</summary>
      <param name="fileExtension">L' estensione per i file personalizzati che possono essere caricati e salvati da 4ccd7ad6-b934-4f7c-82a0-cfd2d4a95faf Entity Data Model Designer.</param>
    </member>
    <member name="P:Microsoft.Data.Entity.Design.Extensibility.ModelFileExtensionAttribute.FileExtension">
      <summary>Estensione di file per i file personalizzati che possono essere caricati e salvati da Entity Data Model Designer.</summary>
      <returns>Estensione di file per i file personalizzati che possono essere caricati e salvati da Entity Data Model Designer.</returns>
    </member>
    <member name="T:Microsoft.Data.Entity.Design.Extensibility.ModelGenerationExtensionContext">
      <summary>Fornisce informazioni relative ai file e al progetto alle estensioni di Visual Studio che estendono il processo di generazione dei file edmx mediante la procedura guidata Entity Data Model.</summary>
    </member>
    <member name="M:Microsoft.Data.Entity.Design.Extensibility.ModelGenerationExtensionContext.#ctor">
      <summary>Crea una nuova istanza della classe <see cref="M:Microsoft.Data.Entity.Design.Extensibility.ModelGenerationExtensionContext" />.</summary>
    </member>
    <member name="P:Microsoft.Data.Entity.Design.Extensibility.ModelGenerationExtensionContext.CurrentDocument">
      <summary>Rappresenta il documento edmx da modificare.</summary>
      <returns>Rappresenta il documento edmx da modificare.</returns>
    </member>
    <member name="P:Microsoft.Data.Entity.Design.Extensibility.ModelGenerationExtensionContext.GeneratedDocument">
      <summary>Rappresenta il file edmx originale generato mediante la procedura guidata Entity Data Model.</summary>
      <returns>Rappresenta il file edmx originale generato mediante la procedura guidata Entity Data Model.</returns>
    </member>
    <member name="P:Microsoft.Data.Entity.Design.Extensibility.ModelGenerationExtensionContext.WizardKind">
      <summary>Procedura guidata che ha avviato il processo di generazione o di generazione del file edmx.</summary>
      <returns>Procedura guidata che ha avviato il processo di generazione o di generazione del file edmx.</returns>
    </member>
    <member name="T:Microsoft.Data.Entity.Design.Extensibility.ModelTransformExtensionContext">
      <summary>Fornisce informazioni relative ai file e al progetto alle estensioni di Visual Studio che estendono il caricamento e il salvataggio dei file edmx da parte di Entity Data Model Designer.</summary>
    </member>
    <member name="M:Microsoft.Data.Entity.Design.Extensibility.ModelTransformExtensionContext.#ctor">
      <summary>Crea una nuova istanza della classe <see cref="T:Microsoft.Data.Entity.Design.Extensibility.ModelTransformExtensionContext" />.</summary>
    </member>
    <member name="P:Microsoft.Data.Entity.Design.Extensibility.ModelTransformExtensionContext.CurrentDocument">
      <summary>File edmx corrente sul quale possono operare le estensioni di Visual Studio.</summary>
      <returns>File edmx corrente sul quale possono operare le estensioni di Visual Studio.</returns>
    </member>
    <member name="P:Microsoft.Data.Entity.Design.Extensibility.ModelTransformExtensionContext.Errors">
      <summary>Elenco di errori che possono essere visualizzati nell'Elenco errori di Visual Studio quando i file edmx vengono caricati o salvati da Entity Data Model Designer.</summary>
      <returns>Elenco di errori che possono essere visualizzati nell'Elenco errori di Visual Studio quando i file edmx vengono caricati o salvati da Entity Data Model Designer.</returns>
    </member>
    <member name="P:Microsoft.Data.Entity.Design.Extensibility.ModelTransformExtensionContext.OriginalDocument">
      <summary>File edmx originale caricato in memoria.</summary>
      <returns>File edmx originale caricato in memoria.</returns>
    </member>
    <member name="P:Microsoft.Data.Entity.Design.Extensibility.ModelTransformExtensionContext.ProjectItem">
      <summary>Elemento del progetto Visual Studio corrente.</summary>
      <returns>Elemento del progetto Visual Studio corrente.</returns>
    </member>
    <member name="T:Microsoft.Data.Entity.Design.Extensibility.PropertyExtensionContext">
      <summary>Fornisce informazioni relative ai file e al progetto alle estensioni di Visual Studio che aggiungono proprietà personalizzate agli oggetti visibili in Entity Data Model Designer o in Browser modello.</summary>
    </member>
    <member name="M:Microsoft.Data.Entity.Design.Extensibility.PropertyExtensionContext.#ctor">
      <summary>Crea una nuova istanza della classe <see cref="M:Microsoft.Data.Entity.Design.Extensibility.PropertyExtensionContext" />.</summary>
    </member>
    <member name="M:Microsoft.Data.Entity.Design.Extensibility.PropertyExtensionContext.CreateChangeScope(System.String)">
      <summary>Crea un oggetto <see cref="T:Microsoft.Data.Entity.Design.Extensibility.EntityDesignerChangeScope" /> e imposta la stringa che sarà visualizzata negli elenchi a discesa per i pulsanti Annulla e Ripeti in Visual Studio.</summary>
      <returns>Oggetto <see cref="T:Microsoft.Data.Entity.Design.Extensibility.EntityDesignerChangeScope" /></returns>
      <param name="undoRedoDescription">Stringa che verrà visualizzata negli elenchi a discesa per i pulsanti Annulla e Ripristina in Visual Studio.</param>
    </member>
    <member name="P:Microsoft.Data.Entity.Design.Extensibility.PropertyExtensionContext.ProjectItem">
      <summary>Elemento del progetto Visual Studio corrente.</summary>
      <returns>Elemento del progetto Visual Studio corrente.</returns>
    </member>
    <member name="T:Microsoft.Data.Entity.Design.Extensibility.UpdateModelExtensionContext">
      <summary>Fornisce informazioni relative ai file e al progetto alle estensioni di Visual Studio che estendono il processo di aggiornamento dei file edmx mediante la procedura guidata Aggiorna modello.</summary>
    </member>
    <member name="M:Microsoft.Data.Entity.Design.Extensibility.UpdateModelExtensionContext.#ctor">
      <summary>Crea una nuova istanza della classe <see cref="M:Microsoft.Data.Entity.Design.Extensibility.UpdateModelExtensionContext" />.</summary>
    </member>
    <member name="P:Microsoft.Data.Entity.Design.Extensibility.UpdateModelExtensionContext.OriginalDocument">
      <summary>Rappresenta il file edmx prima dell'esecuzione della procedura guidata Aggiorna modello.</summary>
      <returns>Rappresenta il file edmx prima dell'esecuzione della procedura guidata Aggiorna modello.</returns>
    </member>
    <member name="P:Microsoft.Data.Entity.Design.Extensibility.UpdateModelExtensionContext.ProjectItem">
      <summary>Elemento del progetto di Visual Studio corrente.</summary>
      <returns>Elemento del progetto di Visual Studio corrente.</returns>
    </member>
    <member name="P:Microsoft.Data.Entity.Design.Extensibility.UpdateModelExtensionContext.UpdateModelDocument">
      <summary>Rappresenta il file edmx dopo l'esecuzione della procedura guidata Aggiorna modello.</summary>
      <returns>Rappresenta il file edmx dopo l'esecuzione della procedura guidata Aggiorna modello.</returns>
    </member>
    <member name="T:Microsoft.Data.Entity.Design.Extensibility.WizardKind">
      <summary>Enumerazione che fornisce informazioni sulla procedura guidata che ha avviato un processo di generazione o di aggiornamento di file edmx.</summary>
    </member>
    <member name="F:Microsoft.Data.Entity.Design.Extensibility.WizardKind.None">
      <summary>Indica che nessuna procedura guidata ha avviato un processo di modifica di file edmx.</summary>
    </member>
    <member name="F:Microsoft.Data.Entity.Design.Extensibility.WizardKind.Generate">
      <summary>Indica che la procedura guidata Entity Data Model ha avviato un processo di generazione di file edmx.</summary>
    </member>
    <member name="F:Microsoft.Data.Entity.Design.Extensibility.WizardKind.UpdateModel">
      <summary>Indica che la procedura guidata Aggiorna modello ha avviato un processo di aggiornamento di file edmx.</summary>
    </member>
  </members>
</doc>