﻿<?xml version="1.0" encoding="utf-8"?>
<doc>
  <assembly>
    <name>Microsoft.Data.Entity.Design</name>
  </assembly>
  <members>
    <member name="T:Microsoft.Data.Entity.Design.DatabaseGeneration.Activities.SsdlToDdlActivity">
      <summary>Действие службы Windows Workflow, которое формирует код на языке описания данных DDL на основе языка SSDL. Этот класс наследует от класса <see cref="T:Microsoft.Data.Entity.Design.VisualStudio.TextTemplating.TemplateActivity" />.</summary>
    </member>
    <member name="M:Microsoft.Data.Entity.Design.DatabaseGeneration.Activities.SsdlToDdlActivity.#ctor">
      <summary>Создает новый экземпляр  <see cref="T:Microsoft.Data.Entity.Design.DatabaseGeneration.Activities.SsdlToDdlActivity" /> класс. </summary>
    </member>
    <member name="P:Microsoft.Data.Entity.Design.DatabaseGeneration.Activities.SsdlToDdlActivity.DdlOutput">
      <summary>Аргумент <see cref="T:System.Activities.OutArgument`1" /> службы Windows Workflow, задающий код на языке описания данных DDL, который создается на основе кода SSDL в свойствах <see cref="P:Microsoft.Data.Entity.Design.DatabaseGeneration.Activities.SsdlToDdlActivity.SsdlInput" /> и <see cref="P:Microsoft.Data.Entity.Design.DatabaseGeneration.Activities.SsdlToDdlActivity.ExistingSsdlInput" />.</summary>
      <returns>Код на языке описания данных DDL, формируемый из кода SSDL, находящегося в свойствах <see cref="P:Microsoft.Data.Entity.Design.DatabaseGeneration.Activities.SsdlToDdlActivity.SsdlInput" /> и <see cref="P:Microsoft.Data.Entity.Design.DatabaseGeneration.Activities.SsdlToDdlActivity.ExistingSsdlInput" />.</returns>
    </member>
    <member name="P:Microsoft.Data.Entity.Design.DatabaseGeneration.Activities.SsdlToDdlActivity.ExistingSsdlInput">
      <summary>Аргумент <see cref="T:System.Activities.InArgument`1" /> службы Windows Workflow, указывающий существующий код на языке SSDL, из которого создается код на языке описания данных DDL для удаления существующих объектов базы данных.</summary>
      <returns>Код на языке SSDL, из которого создается код на языке описания данных DDL для удаления существующих объектов базы данных.</returns>
    </member>
    <member name="P:Microsoft.Data.Entity.Design.DatabaseGeneration.Activities.SsdlToDdlActivity.SsdlInput">
      <summary>Аргумент <see cref="T:System.Activities.InArgument`1" /> службы Windows Workflow, указывающий код на языке SSDL, из которого формируется код на языке описания данных DDL для создания новых объектов базы данных.</summary>
      <returns>Код на языке SSDL, из которого создается код на языке описания данных DDL для создания новых объектов базы данных.</returns>
    </member>
    <member name="T:Microsoft.Data.Entity.Design.Extensibility.IEntityDesignerConversionData">
      <summary>Только для внутреннего использования в корпорации Майкрософт.</summary>
    </member>
    <member name="P:Microsoft.Data.Entity.Design.Extensibility.IEntityDesignerConversionData.FileExtension">
      <summary>Только для внутреннего использования в корпорации Майкрософт.</summary>
      <returns>Только для внутреннего использования в корпорации Майкрософт.</returns>
    </member>
    <member name="T:Microsoft.Data.Entity.Design.Extensibility.IEntityDesignerPropertyData">
      <summary>Только для внутреннего использования в корпорации Майкрософт.</summary>
    </member>
    <member name="P:Microsoft.Data.Entity.Design.Extensibility.IEntityDesignerPropertyData.EntityDesignerSelection">
      <summary>Только для внутреннего использования в корпорации Майкрософт.</summary>
      <returns>Только для внутреннего использования в корпорации Майкрософт.</returns>
    </member>
    <member name="T:Microsoft.Data.Entity.Design.UI.Views.Explorer.EntityDesignExplorerContent">
      <summary>Только для внутреннего использования в корпорации Майкрософт.</summary>
    </member>
    <member name="M:Microsoft.Data.Entity.Design.UI.Views.Explorer.EntityDesignExplorerContent.#ctor">
      <summary>Только для внутреннего использования в корпорации Майкрософт.</summary>
    </member>
    <member name="M:Microsoft.Data.Entity.Design.UI.Views.Explorer.EntityDesignExplorerContent.InitializeComponent">
      <summary>Только для внутреннего использования в корпорации Майкрософт.</summary>
    </member>
    <member name="M:Microsoft.Data.Entity.Design.UI.Views.Explorer.EntityDesignExplorerContent.System#Windows#Markup#IComponentConnector#Connect(System.Int32,System.Object)">
      <summary>Только для внутреннего использования в корпорации Майкрософт.</summary>
      <param name="connectionId">Только для внутреннего использования в корпорации Майкрософт.</param>
      <param name="target">Только для внутреннего использования в корпорации Майкрософт.</param>
    </member>
    <member name="M:Microsoft.Data.Entity.Design.UI.Views.Explorer.EntityDesignExplorerContent.System#Windows#Markup#IStyleConnector#Connect(System.Int32,System.Object)">
      <summary>Только для внутреннего использования в корпорации Майкрософт.</summary>
      <param name="connectionId">Только для внутреннего использования в корпорации Майкрософт.</param>
      <param name="target">Только для внутреннего использования в корпорации Майкрософт.</param>
    </member>
    <member name="T:Microsoft.Data.Entity.Design.VisualStudio.ModelWizard.AddArtifactGeneratorWizard">
      <summary>Только для внутреннего использования в корпорации Майкрософт.</summary>
    </member>
    <member name="M:Microsoft.Data.Entity.Design.VisualStudio.ModelWizard.AddArtifactGeneratorWizard.#ctor">
      <summary>Только для внутреннего использования в корпорации Майкрософт.</summary>
    </member>
    <member name="M:Microsoft.Data.Entity.Design.VisualStudio.ModelWizard.AddArtifactGeneratorWizard.BeforeOpeningFile(EnvDTE.ProjectItem)">
      <summary>Только для внутреннего использования в корпорации Майкрософт.</summary>
      <param name="projectItem">Только для внутреннего использования в корпорации Майкрософт.</param>
    </member>
    <member name="M:Microsoft.Data.Entity.Design.VisualStudio.ModelWizard.AddArtifactGeneratorWizard.ProjectFinishedGenerating(EnvDTE.Project)">
      <summary>Только для внутреннего использования в корпорации Майкрософт.</summary>
      <param name="project">Только для внутреннего использования в корпорации Майкрософт.</param>
    </member>
    <member name="M:Microsoft.Data.Entity.Design.VisualStudio.ModelWizard.AddArtifactGeneratorWizard.ProjectItemFinishedGenerating(EnvDTE.ProjectItem)">
      <summary>Только для внутреннего использования в корпорации Майкрософт.</summary>
      <param name="projectItem">Только для внутреннего использования в корпорации Майкрософт.</param>
    </member>
    <member name="M:Microsoft.Data.Entity.Design.VisualStudio.ModelWizard.AddArtifactGeneratorWizard.RunFinished">
      <summary>Только для внутреннего использования в корпорации Майкрософт.</summary>
    </member>
    <member name="M:Microsoft.Data.Entity.Design.VisualStudio.ModelWizard.AddArtifactGeneratorWizard.RunStarted(System.Object,System.Collections.Generic.Dictionary{System.String,System.String},Microsoft.VisualStudio.TemplateWizard.WizardRunKind,System.Object[])">
      <summary>Только для внутреннего использования в корпорации Майкрософт.</summary>
      <param name="automationObject">Только для внутреннего использования в корпорации Майкрософт.</param>
      <param name="replacementsDictionary">Только для внутреннего использования в корпорации Майкрософт.</param>
      <param name="runKind">Только для внутреннего использования в корпорации Майкрософт.</param>
      <param name="customParams">Только для внутреннего использования в корпорации Майкрософт.</param>
    </member>
    <member name="M:Microsoft.Data.Entity.Design.VisualStudio.ModelWizard.AddArtifactGeneratorWizard.ShouldAddProjectItem(System.String)">
      <summary>Только для внутреннего использования в корпорации Майкрософт.</summary>
      <returns>Только для внутреннего использования в корпорации Майкрософт.</returns>
      <param name="filePath">Только для внутреннего использования в корпорации Майкрософт.</param>
    </member>
    <member name="T:Microsoft.Data.Entity.Design.VisualStudio.ModelWizard.ModelObjectItemWizard">
      <summary>Только для внутреннего использования в корпорации Майкрософт.</summary>
    </member>
    <member name="M:Microsoft.Data.Entity.Design.VisualStudio.ModelWizard.ModelObjectItemWizard.#ctor">
      <summary>Только для внутреннего использования в корпорации Майкрософт.</summary>
    </member>
    <member name="M:Microsoft.Data.Entity.Design.VisualStudio.ModelWizard.ModelObjectItemWizard.BeforeOpeningFile(EnvDTE.ProjectItem)">
      <summary>Только для внутреннего использования в корпорации Майкрософт.</summary>
      <param name="projectItem">Только для внутреннего использования в корпорации Майкрософт.</param>
    </member>
    <member name="M:Microsoft.Data.Entity.Design.VisualStudio.ModelWizard.ModelObjectItemWizard.ProjectFinishedGenerating(EnvDTE.Project)">
      <summary>Только для внутреннего использования в корпорации Майкрософт.</summary>
      <param name="project">Только для внутреннего использования в корпорации Майкрософт.</param>
    </member>
    <member name="M:Microsoft.Data.Entity.Design.VisualStudio.ModelWizard.ModelObjectItemWizard.ProjectItemFinishedGenerating(EnvDTE.ProjectItem)">
      <summary>Только для внутреннего использования в корпорации Майкрософт.</summary>
      <param name="projectItem">Только для внутреннего использования в корпорации Майкрософт.</param>
    </member>
    <member name="M:Microsoft.Data.Entity.Design.VisualStudio.ModelWizard.ModelObjectItemWizard.RunFinished">
      <summary>Только для внутреннего использования в корпорации Майкрософт.</summary>
    </member>
    <member name="M:Microsoft.Data.Entity.Design.VisualStudio.ModelWizard.ModelObjectItemWizard.RunStarted(System.Object,System.Collections.Generic.Dictionary{System.String,System.String},Microsoft.VisualStudio.TemplateWizard.WizardRunKind,System.Object[])">
      <summary>Только для внутреннего использования в корпорации Майкрософт.</summary>
      <param name="automationObject">Только для внутреннего использования в корпорации Майкрософт.</param>
      <param name="replacementsDictionary">Только для внутреннего использования в корпорации Майкрософт.</param>
      <param name="runKind">Только для внутреннего использования в корпорации Майкрософт.</param>
      <param name="customParams">Только для внутреннего использования в корпорации Майкрософт.</param>
    </member>
    <member name="M:Microsoft.Data.Entity.Design.VisualStudio.ModelWizard.ModelObjectItemWizard.ShouldAddProjectItem(System.String)">
      <summary>Только для внутреннего использования в корпорации Майкрософт.</summary>
      <returns>Только для внутреннего использования в корпорации Майкрософт.</returns>
      <param name="filePath">Только для внутреннего использования в корпорации Майкрософт.</param>
    </member>
    <member name="T:Microsoft.Data.Entity.Design.VisualStudio.SingleFileGenerator.BaseCodeGenerator">
      <summary>Только для внутреннего использования в корпорации Майкрософт.</summary>
    </member>
    <member name="M:Microsoft.Data.Entity.Design.VisualStudio.SingleFileGenerator.BaseCodeGenerator.#ctor">
      <summary>Только для внутреннего использования в корпорации Майкрософт.</summary>
    </member>
    <member name="M:Microsoft.Data.Entity.Design.VisualStudio.SingleFileGenerator.BaseCodeGenerator.DefaultExtension(System.String@)">
      <summary>Только для внутреннего использования в корпорации Майкрософт.</summary>
      <returns>Только для внутреннего использования в корпорации Майкрософт.</returns>
      <param name="pbstrDefaultExtension">Только для внутреннего использования в корпорации Майкрософт.</param>
    </member>
    <member name="P:Microsoft.Data.Entity.Design.VisualStudio.SingleFileGenerator.BaseCodeGenerator.DefaultExtensionString">
      <summary>Только для внутреннего использования в корпорации Майкрософт.</summary>
      <returns>Только для внутреннего использования в корпорации Майкрософт.</returns>
    </member>
    <member name="M:Microsoft.Data.Entity.Design.VisualStudio.SingleFileGenerator.BaseCodeGenerator.Dispose">
      <summary>Только для внутреннего использования в корпорации Майкрософт.</summary>
    </member>
    <member name="M:Microsoft.Data.Entity.Design.VisualStudio.SingleFileGenerator.BaseCodeGenerator.Dispose(System.Boolean)">
      <summary>Только для внутреннего использования в корпорации Майкрософт.</summary>
      <param name="disposing">Только для внутреннего использования в корпорации Майкрософт.</param>
    </member>
    <member name="M:Microsoft.Data.Entity.Design.VisualStudio.SingleFileGenerator.BaseCodeGenerator.Finalize">
      <summary>Только для внутреннего использования в корпорации Майкрософт.</summary>
    </member>
    <member name="M:Microsoft.Data.Entity.Design.VisualStudio.SingleFileGenerator.BaseCodeGenerator.Generate(System.String,System.String,System.String,System.IntPtr[],System.UInt32@,Microsoft.VisualStudio.Shell.Interop.IVsGeneratorProgress)">
      <summary>Только для внутреннего использования в корпорации Майкрософт.</summary>
      <returns>Только для внутреннего использования в корпорации Майкрософт.</returns>
      <param name="wszInputFilePath">Только для внутреннего использования в корпорации Майкрософт.</param>
      <param name="bstrInputFileContents">Только для внутреннего использования в корпорации Майкрософт.</param>
      <param name="wszDefaultNamespace">Только для внутреннего использования в корпорации Майкрософт.</param>
      <param name="rgbOutputFileContents">Только для внутреннего использования в корпорации Майкрософт.</param>
      <param name="pcbOutput">Только для внутреннего использования в корпорации Майкрософт.</param>
      <param name="pGenerateProgress">Только для внутреннего использования в корпорации Майкрософт.</param>
    </member>
    <member name="M:Microsoft.Data.Entity.Design.VisualStudio.SingleFileGenerator.BaseCodeGenerator.GenerateCode(System.String,System.String,System.String)">
      <summary>Только для внутреннего использования в корпорации Майкрософт.</summary>
      <returns>Только для внутреннего использования в корпорации Майкрософт.</returns>
      <param name="inputFileName">Только для внутреннего использования в корпорации Майкрософт.</param>
      <param name="inputFileContent">Только для внутреннего использования в корпорации Майкрософт.</param>
      <param name="defaultNamespace">Только для внутреннего использования в корпорации Майкрософт.</param>
    </member>
    <member name="M:Microsoft.Data.Entity.Design.VisualStudio.SingleFileGenerator.BaseCodeGenerator.GeneratorErrorCallback(System.Boolean,System.Int32,System.String,System.Int32,System.Int32)">
      <summary>Только для внутреннего использования в корпорации Майкрософт.</summary>
      <param name="warning">Только для внутреннего использования в корпорации Майкрософт.</param>
      <param name="level">Только для внутреннего использования в корпорации Майкрософт.</param>
      <param name="message">Только для внутреннего использования в корпорации Майкрософт.</param>
      <param name="line">Только для внутреннего использования в корпорации Майкрософт.</param>
      <param name="column">Только для внутреннего использования в корпорации Майкрософт.</param>
    </member>
    <member name="T:Microsoft.Data.Entity.Design.VisualStudio.SingleFileGenerator.BaseCodeGeneratorWithSite">
      <summary>Только для внутреннего использования в корпорации Майкрософт.</summary>
    </member>
    <member name="M:Microsoft.Data.Entity.Design.VisualStudio.SingleFileGenerator.BaseCodeGeneratorWithSite.#ctor">
      <summary>Только для внутреннего использования в корпорации Майкрософт.</summary>
    </member>
    <member name="P:Microsoft.Data.Entity.Design.VisualStudio.SingleFileGenerator.BaseCodeGeneratorWithSite.CodeProvider">
      <summary>Только для внутреннего использования в корпорации Майкрософт.</summary>
      <returns>Только для внутреннего использования в корпорации Майкрософт.</returns>
    </member>
    <member name="M:Microsoft.Data.Entity.Design.VisualStudio.SingleFileGenerator.BaseCodeGeneratorWithSite.Dispose(System.Boolean)">
      <summary>Только для внутреннего использования в корпорации Майкрософт.</summary>
      <param name="disposing">Только для внутреннего использования в корпорации Майкрософт.</param>
    </member>
    <member name="P:Microsoft.Data.Entity.Design.VisualStudio.SingleFileGenerator.BaseCodeGeneratorWithSite.ErrorList">
      <summary>Только для внутреннего использования в корпорации Майкрософт.</summary>
      <returns>Только для внутреннего использования в корпорации Майкрософт.</returns>
    </member>
    <member name="M:Microsoft.Data.Entity.Design.VisualStudio.SingleFileGenerator.BaseCodeGeneratorWithSite.GetService(System.Type)">
      <summary>Только для внутреннего использования в корпорации Майкрософт.</summary>
      <returns>Только для внутреннего использования в корпорации Майкрософт.</returns>
      <param name="serviceType">Только для внутреннего использования в корпорации Майкрософт.</param>
    </member>
    <member name="M:Microsoft.Data.Entity.Design.VisualStudio.SingleFileGenerator.BaseCodeGeneratorWithSite.GetSite(System.Guid@,System.IntPtr@)">
      <summary>Только для внутреннего использования в корпорации Майкрософт.</summary>
      <param name="riid">Только для внутреннего использования в корпорации Майкрософт.</param>
      <param name="ppvSite">Только для внутреннего использования в корпорации Майкрософт.</param>
    </member>
    <member name="P:Microsoft.Data.Entity.Design.VisualStudio.SingleFileGenerator.BaseCodeGeneratorWithSite.Project">
      <summary>Только для внутреннего использования в корпорации Майкрософт.</summary>
      <returns>Только для внутреннего использования в корпорации Майкрософт.</returns>
    </member>
    <member name="P:Microsoft.Data.Entity.Design.VisualStudio.SingleFileGenerator.BaseCodeGeneratorWithSite.ProjectItem">
      <summary>Только для внутреннего использования в корпорации Майкрософт.</summary>
      <returns>Только для внутреннего использования в корпорации Майкрософт.</returns>
    </member>
    <member name="M:Microsoft.Data.Entity.Design.VisualStudio.SingleFileGenerator.BaseCodeGeneratorWithSite.SetSite(System.Object)">
      <summary>Только для внутреннего использования в корпорации Майкрософт.</summary>
      <param name="pUnkSite">Только для внутреннего использования в корпорации Майкрософт.</param>
    </member>
    <member name="P:Microsoft.Data.Entity.Design.VisualStudio.SingleFileGenerator.BaseCodeGeneratorWithSite.SiteServiceProvider">
      <summary>Только для внутреннего использования в корпорации Майкрософт.</summary>
      <returns>Только для внутреннего использования в корпорации Майкрософт.</returns>
    </member>
    <member name="T:Microsoft.Data.Entity.Design.VisualStudio.SingleFileGenerator.EntityModelCodeGenerator">
      <summary>Только для внутреннего использования в корпорации Майкрософт.</summary>
    </member>
    <member name="M:Microsoft.Data.Entity.Design.VisualStudio.SingleFileGenerator.EntityModelCodeGenerator.#ctor">
      <summary>Только для внутреннего использования в корпорации Майкрософт.</summary>
    </member>
    <member name="M:Microsoft.Data.Entity.Design.VisualStudio.SingleFileGenerator.EntityModelCodeGenerator.AddNameOfItemToBeRenamed(System.UInt32,System.String)">
      <summary>Только для внутреннего использования в корпорации Майкрософт.</summary>
      <param name="itemId">Только для внутреннего использования в корпорации Майкрософт.</param>
      <param name="oldInputName">Только для внутреннего использования в корпорации Майкрософт.</param>
    </member>
    <member name="F:Microsoft.Data.Entity.Design.VisualStudio.SingleFileGenerator.EntityModelCodeGenerator.CodeGenToolName">
      <summary>Только для внутреннего использования в корпорации Майкрософт.</summary>
    </member>
    <member name="P:Microsoft.Data.Entity.Design.VisualStudio.SingleFileGenerator.EntityModelCodeGenerator.DefaultExtensionString">
      <summary>Только для внутреннего использования в корпорации Майкрософт.</summary>
      <returns>Только для внутреннего использования в корпорации Майкрософт.</returns>
    </member>
    <member name="M:Microsoft.Data.Entity.Design.VisualStudio.SingleFileGenerator.EntityModelCodeGenerator.GenerateCode(System.String,System.String,System.String)">
      <summary>Только для внутреннего использования в корпорации Майкрософт.</summary>
      <returns>Только для внутреннего использования в корпорации Майкрософт.</returns>
      <param name="inputFileName">Только для внутреннего использования в корпорации Майкрософт.</param>
      <param name="inputFileContent">Только для внутреннего использования в корпорации Майкрософт.</param>
      <param name="defaultNamespace">Только для внутреннего использования в корпорации Майкрософт.</param>
    </member>
    <member name="T:Microsoft.Data.Entity.Design.VisualStudio.TextTemplating.TemplateActivity">
      <summary>Предоставляет функции для преобразования текстовых шаблонов в рамках Windows Workflow.</summary>
    </member>
    <member name="M:Microsoft.Data.Entity.Design.VisualStudio.TextTemplating.TemplateActivity.#ctor">
      <summary>Создает новый экземпляр  <see cref="T:Microsoft.Data.Entity.Design.VisualStudio.TextTemplating.TemplateActivity" /> класс. </summary>
    </member>
    <member name="M:Microsoft.Data.Entity.Design.VisualStudio.TextTemplating.TemplateActivity.Execute(System.Activities.NativeActivityContext)">
      <summary>Преобразует текстовый шаблон, указанный в свойстве <see cref="P:Microsoft.Data.Entity.Design.VisualStudio.TextTemplating.TemplateActivity.TemplatePath" />, путем вызова службы STextTemplatingService в Visual Studio. </summary>
      <param name="context">Состояние текущего действия.</param>
    </member>
    <member name="M:Microsoft.Data.Entity.Design.VisualStudio.TextTemplating.TemplateActivity.OnGetTemplateInputs(System.Activities.NativeActivityContext,System.Collections.Generic.IDictionary{System.String,System.Object})">
      <summary>Заполняет словарь <see cref="T:System.Collections.IDictionary" />, который используется для передачи входных данных в текстовый шаблон.Этот метод можно переопределять в производных классах с целью передачи настраиваемых входных данных.Такие входные данные помещаются в объект CallContext для использования в текстовом шаблоне.</summary>
      <param name="context">Состояние текущего действия.</param>
      <param name="inputs">Словарь, который сопоставляет входные имена с входными значениями для использования в текстовом шаблоне.</param>
    </member>
    <member name="M:Microsoft.Data.Entity.Design.VisualStudio.TextTemplating.TemplateActivity.ProcessTemplate(System.String)">
      <summary>Обрабатывает текстовый шаблон, используя STextTemplatingService в среде Visual Studio.</summary>
      <returns>Выходные данные текстового шаблона, создаваемые путем вызоваметод <see cref="M:Microsoft.VisualStudio.TextTemplating.VSHost.ITextTemplating.ProcessTemplate(System.String,System.String,Microsoft.VisualStudio.TextTemplating.VSHost.ITextTemplatingCallback,System.Object)" />.</returns>
      <param name="templatePath">Путь к текстовому шаблону для обработки.</param>
    </member>
    <member name="P:Microsoft.Data.Entity.Design.VisualStudio.TextTemplating.TemplateActivity.TemplateOutput">
      <summary>Выходные данные шаблона, указанного в свойстве <see cref="P:Microsoft.Data.Entity.Design.VisualStudio.TextTemplating.TemplateActivity.TemplatePath" />.</summary>
      <returns>Выходные данные шаблона, указанного в свойстве <see cref="P:Microsoft.Data.Entity.Design.VisualStudio.TextTemplating.TemplateActivity.TemplatePath" />.</returns>
    </member>
    <member name="P:Microsoft.Data.Entity.Design.VisualStudio.TextTemplating.TemplateActivity.TemplatePath">
      <summary>Путь к обрабатываемому текстовому шаблону.</summary>
      <returns>Путь к обрабатываемому текстовому шаблону.</returns>
    </member>
  </members>
</doc>