﻿<?xml version="1.0" encoding="utf-8"?>

<Dictionary>
    <Words>
        <Recognized>
            <Word>asax</Word>
            <Word>ce</Word>
            <Word>composable</Word>
            <Word>csdl</Word>
            <Word>db</Word>
            <Word>edm</Word>
            <Word>edmx</Word>
            <Word>fwlink</Word>
            <Word>memberless</Word>
            <Word>memberwise</Word>
            <Word>migrator</Word>
            <Word>msl</Word>
            <Word>multiset</Word>
            <Word>niladic</Word>
            <Word>scaffolded</Word>
            <Word>scaffolder</Word>
            <Word>srid</Word>
            <Word>ssdl</Word>
            <Word>retriable</Word>
        </Recognized>
        <Compound>
            <Term CompoundAlternate="MultiLine">multiline</Term>
            <Term CompoundAlternate="MultiPoint">multipoint</Term>
            <Term CompoundAlternate="StartUp">startup</Term>
        </Compound>
        <DiscreteExceptions>
            <Term>InExpression</Term>
        </DiscreteExceptions>
    </Words>
</Dictionary>