﻿<?xml version="1.0" encoding="utf-8"?>
<doc>
  <assembly>
    <name>Microsoft.Data.Entity.Design.DatabaseGeneration</name>
  </assembly>
  <members>
    <member name="T:Microsoft.Data.Entity.Design.DatabaseGeneration.EdmConstants">
      <summary>Définit des constantes utilisées par des classes dans les espaces de noms <see cref="N:Microsoft.Data.Entity.Design.DatabaseGeneration" />, <see cref="N:Microsoft.Data.Entity.Design.DatabaseGeneration.Activities" /> et <see cref="N:Microsoft.Data.Entity.Design.DatabaseGeneration.OutputGenerators" /> lors de la génération d'une base de données à partir d'un modèle conceptuel.</summary>
    </member>
    <member name="M:Microsoft.Data.Entity.Design.DatabaseGeneration.EdmConstants.#ctor">
      <summary>Instancie une nouvelle instance de la classe <see cref="T:Microsoft.Data.Entity.Design.DatabaseGeneration.EdmConstants" />.</summary>
    </member>
    <member name="F:Microsoft.Data.Entity.Design.DatabaseGeneration.EdmConstants.csdlInputName">
      <summary>Champ en lecture seule qui est le nom de l'argument d'entrée du flux de travail qui représente le langage CSDL (Conceptual Schema Definition Language) entrant.</summary>
    </member>
    <member name="F:Microsoft.Data.Entity.Design.DatabaseGeneration.EdmConstants.ddlOutputName">
      <summary>Champ en lecture seule qui est le nom de l'argument de sortie du flux de travail qui représente le langage de définition de données (DDL) généré.</summary>
    </member>
    <member name="F:Microsoft.Data.Entity.Design.DatabaseGeneration.EdmConstants.existingMslInputName">
      <summary>Champ en lecture seule qui est le nom de l'argument d'entrée du flux de travail qui représente le langage MSL (Mapping Specification Language) entrant, s'il existe.</summary>
    </member>
    <member name="F:Microsoft.Data.Entity.Design.DatabaseGeneration.EdmConstants.existingSsdlInputName">
      <summary>Champ en lecture seule qui est le nom de l'argument d'entrée du flux de travail qui représente le langage SSDL (Store Schema Definition Language) entrant, s'il existe.</summary>
    </member>
    <member name="F:Microsoft.Data.Entity.Design.DatabaseGeneration.EdmConstants.mslOutputName">
      <summary>Champ en lecture seule qui est le nom de l'argument de sortie du flux de travail qui représente le langage MSL (Mapping Specification Language) généré.</summary>
    </member>
    <member name="F:Microsoft.Data.Entity.Design.DatabaseGeneration.EdmConstants.ssdlOutputName">
      <summary>Champ en lecture seule qui est le nom de l'argument de sortie du flux de travail qui représente le langage SSDL (Store Schema Definition Language) généré.</summary>
    </member>
    <member name="T:Microsoft.Data.Entity.Design.DatabaseGeneration.EdmExtension">
      <summary>Fournit des méthodes d'assistance aux classes dans les espaces de noms <see cref="N:Microsoft.Data.Entity.Design.DatabaseGeneration" />, <see cref="N:Microsoft.Data.Entity.Design.DatabaseGeneration.Activities" /> et <see cref="N:Microsoft.Data.Entity.Design.DatabaseGeneration.OutputGenerators" /> pour la génération et la validation de <see cref="T:System.Data.Metadata.Edm.ItemCollection" />s.</summary>
    </member>
    <member name="M:Microsoft.Data.Entity.Design.DatabaseGeneration.EdmExtension.CreateAndValidateEdmItemCollection(System.String,System.Version)">
      <summary>Convertit une représentation sous forme de chaîne du langage CSDL (Conceptual Schema Definition Language) en <see cref="T:System.Data.Metadata.Edm.EdmItemCollection" /> et la valide.</summary>
      <returns>CSDL sous forme de <see cref="T:System.Data.Metadata.Edm.EdmItemCollection" />.</returns>
      <param name="csdl">Métadonnées de modèle conceptuel sous forme de chaîne.</param>
      <param name="targetFrameworkVersion">Version ciblée d'Entity Framework.</param>
    </member>
    <member name="M:Microsoft.Data.Entity.Design.DatabaseGeneration.EdmExtension.CreateAndValidateStoreItemCollection(System.String,System.Version,System.Boolean,System.Boolean)">
      <summary>Convertit une représentation sous forme de chaîne du langage SSDL (Store Schema Definition Language) en <see cref="T:System.Data.Metadata.Edm.StoreItemCollection" /> et la valide.</summary>
      <returns>SSDL sous forme de <see cref="T:System.Data.Metadata.Edm.StoreItemCollection" />.</returns>
      <param name="ssdl">SSDL sous forme de chaîne.</param>
      <param name="targetFrameworkVersion">Version ciblée d'Entity Framework.</param>
      <param name="throwOnError">Détermine si des exceptions doivent être levées si des erreurs se produisent lors du processus de génération et de validation de <see cref="T:System.Data.Metadata.Edm.StoreItemCollection" />. </param>
      <param name="catchThrowNamingConflicts">Détermine si des exceptions doivent être levées en cas de conflit de nom dans la <see cref="T:System.Data.Metadata.Edm.StoreItemCollection" />générée.</param>
    </member>
    <member name="M:Microsoft.Data.Entity.Design.DatabaseGeneration.EdmExtension.CreateStoreItemCollection(System.String,System.Version,System.Collections.Generic.IList{System.Data.Metadata.Edm.EdmSchemaError}@)">
      <summary>Convertit une représentation sous forme de chaîne du langage SSDL (Store Schema Definition Language) en <see cref="T:System.Data.Metadata.Edm.StoreItemCollection" />.</summary>
      <returns>SSDL sous forme de <see cref="T:System.Data.Metadata.Edm.StoreItemCollection" />.</returns>
      <param name="ssdl">SSDL sous forme de chaîne.</param>
      <param name="targetFrameworkVersion">Version ciblée d'Entity Framework.</param>
      <param name="edmErrors">Paramètre de sortie qui contient une liste des erreurs qui se sont produites pendant la génération de la <see cref="T:System.Data.Metadata.Edm.StoreItemCollection" />.</param>
    </member>
    <member name="M:Microsoft.Data.Entity.Design.DatabaseGeneration.EdmExtension.GetInvalidCharsException(System.String)">
      <summary>Retourne une exception localisée du processus de génération de la base de données si le nom fourni en langage SSDL (Store Schema Definition Language) contient des caractères non valides pour la base de données cible.</summary>
      <returns>Exception localisée du processus de génération de la base de données si le nom fourni en langage SSDL (Store Schema Definition Language) contient des caractères non valides pour la base de données cible.</returns>
      <param name="userInput">Nom d'objet qui contient des caractères non valides.</param>
    </member>
    <member name="T:Microsoft.Data.Entity.Design.DatabaseGeneration.EdmParameterBag">
      <summary>Fournit des valeurs pour les paramètres définis dans l'énumération <see cref="T:Microsoft.Data.Entity.Design.DatabaseGeneration.EdmParameterBag.ParameterName" />. </summary>
    </member>
    <member name="M:Microsoft.Data.Entity.Design.DatabaseGeneration.EdmParameterBag.#ctor(System.Threading.SynchronizationContext,Microsoft.Data.Entity.Design.DatabaseGeneration.IAssemblyLoader,System.Version,System.String,System.String,System.String,System.String,System.String,System.String,System.String)">
      <summary>Crée une instance de <see cref="T:Microsoft.Data.Entity.Design.DatabaseGeneration.EdmParameterBag" />.</summary>
      <param name="syncContext">État du thread d'interface utilisateur dans Visual Studio.</param>
      <param name="assemblyLoader">Charge les références au projet et au site Web.</param>
      <param name="targetVersion">Version ciblée d'Entity Framework.</param>
      <param name="providerInvariantName">Nom invariant du fournisseur.</param>
      <param name="providerManifestToken">Jeton du manifeste du fournisseur.</param>
      <param name="providerConnectionString">Chaîne de connexion du fournisseur.</param>
      <param name="databaseSchemaName">Nom du schéma de la base de données générée.</param>
      <param name="databaseName">Nom de la base de données générée.</param>
      <param name="ddlTemplatePath">Chemin d'accès dans lequel le langage de description de données (DDL) généré sera écrit.</param>
      <param name="edmxPath">Chemin d'accès dans lequel le fichier .edmx généré sera écrit.</param>
    </member>
    <member name="M:Microsoft.Data.Entity.Design.DatabaseGeneration.EdmParameterBag.GetParameter``1(Microsoft.Data.Entity.Design.DatabaseGeneration.EdmParameterBag.ParameterName)">
      <summary>Retourne la valeur du paramètre pour le <see cref="T:Microsoft.Data.Entity.Design.DatabaseGeneration.EdmParameterBag.ParameterName" /> spécifié.</summary>
      <returns>Valeur du paramètre pour le <see cref="T:Microsoft.Data.Entity.Design.DatabaseGeneration.EdmParameterBag.ParameterName" /> spécifié.</returns>
      <param name="parameterName">Nom du paramètre.</param>
      <typeparam name="T">Type du paramètre avec le nom <paramref name="parameterName" />.</typeparam>
    </member>
    <member name="T:Microsoft.Data.Entity.Design.DatabaseGeneration.EdmParameterBag.ParameterName">
      <summary>Énumération de noms de paramètres utilisés par les classes dans l'espace de noms <see cref="N:Microsoft.Data.Entity.Design.DatabaseGeneration.OutputGenerators" /> lors de la génération d'une base de données à partir d'un modèle conceptuel.</summary>
    </member>
    <member name="F:Microsoft.Data.Entity.Design.DatabaseGeneration.EdmParameterBag.ParameterName.SynchronizationContext">
      <summary>
        <see cref="T:System.Threading.SynchronizationContext" /> qui représente l'état du thread d'interface utilisateur dans Visual Studio.</summary>
    </member>
    <member name="F:Microsoft.Data.Entity.Design.DatabaseGeneration.EdmParameterBag.ParameterName.AssemblyLoader">
      <summary>Nom de l'objet de paramètre <see cref="T:Microsoft.Data.Entity.Design.DatabaseGeneration.IAssemblyLoader" /> utilisé pour résoudre et charger un assembly en fonction de son nom.</summary>
    </member>
    <member name="F:Microsoft.Data.Entity.Design.DatabaseGeneration.EdmParameterBag.ParameterName.TargetVersion">
      <summary>Version ciblée d'Entity Framework.</summary>
    </member>
    <member name="F:Microsoft.Data.Entity.Design.DatabaseGeneration.EdmParameterBag.ParameterName.ProviderInvariantName">
      <summary>Nom invariant du fournisseur.</summary>
    </member>
    <member name="F:Microsoft.Data.Entity.Design.DatabaseGeneration.EdmParameterBag.ParameterName.ProviderManifestToken">
      <summary>Jeton de manifeste du fournisseur.</summary>
    </member>
    <member name="F:Microsoft.Data.Entity.Design.DatabaseGeneration.EdmParameterBag.ParameterName.ProviderConnectionString">
      <summary>Chaîne de connexion du fournisseur.</summary>
    </member>
    <member name="F:Microsoft.Data.Entity.Design.DatabaseGeneration.EdmParameterBag.ParameterName.DatabaseSchemaName">
      <summary>Nom du schéma de la base de données générée.</summary>
    </member>
    <member name="F:Microsoft.Data.Entity.Design.DatabaseGeneration.EdmParameterBag.ParameterName.DatabaseName">
      <summary>Nom de la base de données générée.</summary>
    </member>
    <member name="F:Microsoft.Data.Entity.Design.DatabaseGeneration.EdmParameterBag.ParameterName.DDLTemplatePath">
      <summary>Chemin d'accès au modèle de texte utilisé pour générer le langage de définition de données (DDL).</summary>
    </member>
    <member name="F:Microsoft.Data.Entity.Design.DatabaseGeneration.EdmParameterBag.ParameterName.EdmxPath">
      <summary>Chemin d'accès au fichier .edmx à partir duquel l'Assistant Génération de la base de données a été lancé.</summary>
    </member>
    <member name="T:Microsoft.Data.Entity.Design.DatabaseGeneration.IAssemblyLoader">
      <summary>Résout les OutputGenerators du flux de travail.</summary>
    </member>
    <member name="M:Microsoft.Data.Entity.Design.DatabaseGeneration.IAssemblyLoader.LoadAssembly(System.String)">
      <summary>Essaie de charger un assembly.</summary>
      <returns>Référence d'assembly résolue.</returns>
      <param name="assemblyName">Nom de l'assembly à charger.</param>
    </member>
    <member name="T:Microsoft.Data.Entity.Design.DatabaseGeneration.MetadataWorkspaceExtensions">
      <summary>Fournit des méthodes d'extension pour la navigation et l'interrogation de collections d'éléments dans l'espace de noms <see cref="N:System.Data.Metadata.Edm" />.</summary>
    </member>
    <member name="M:Microsoft.Data.Entity.Design.DatabaseGeneration.MetadataWorkspaceExtensions.GetAllAssociations(System.Data.Metadata.Edm.ItemCollection)">
      <summary>Retourne une collection énumérable de tous les objets <see cref="T:System.Data.Metadata.Edm.AssociationType" /> dans la <see cref="T:System.Data.Metadata.Edm.ItemCollection" /> spécifiée.</summary>
      <returns>Collection énumérable de tous les objets <see cref="T:System.Data.Metadata.Edm.AssociationType" /> dans la <see cref="T:System.Data.Metadata.Edm.ItemCollection" /> spécifiée.</returns>
      <param name="itemCollection">Collection en mémoire de métadonnées.</param>
    </member>
    <member name="M:Microsoft.Data.Entity.Design.DatabaseGeneration.MetadataWorkspaceExtensions.GetAllAssociationSets(System.Data.Metadata.Edm.ItemCollection)">
      <summary>Retourne une collection énumérable de tous les objets <see cref="T:System.Data.Metadata.Edm.AssociationSet" /> dans la <see cref="T:System.Data.Metadata.Edm.ItemCollection" /> spécifiée.</summary>
      <returns>Collection énumérable de tous les objets <see cref="T:System.Data.Metadata.Edm.AssociationSet" /> dans la <see cref="T:System.Data.Metadata.Edm.ItemCollection" /> spécifiée.</returns>
      <param name="itemCollection">Collection en mémoire de métadonnées.</param>
    </member>
    <member name="M:Microsoft.Data.Entity.Design.DatabaseGeneration.MetadataWorkspaceExtensions.GetAllEntitySets(System.Data.Metadata.Edm.ItemCollection)">
      <summary>Retourne une collection énumérable de tous les objets <see cref="T:System.Data.Metadata.Edm.EntitySet" /> dans la <see cref="T:System.Data.Metadata.Edm.ItemCollection" /> spécifiée.</summary>
      <returns>Collection énumérable de tous les objets <see cref="T:System.Data.Metadata.Edm.EntitySet" /> dans la <see cref="T:System.Data.Metadata.Edm.ItemCollection" /> spécifiée.</returns>
      <param name="itemCollection">Collection en mémoire de métadonnées.</param>
    </member>
    <member name="M:Microsoft.Data.Entity.Design.DatabaseGeneration.MetadataWorkspaceExtensions.GetAllEntityTypes(System.Data.Metadata.Edm.ItemCollection)">
      <summary>Retourne une collection énumérable de tous les objets <see cref="T:System.Data.Metadata.Edm.EntityType" /> dans la <see cref="T:System.Data.Metadata.Edm.ItemCollection" /> spécifiée.</summary>
      <returns>Collection énumérable de tous les objets <see cref="T:System.Data.Metadata.Edm.EntityType" /> dans la <see cref="T:System.Data.Metadata.Edm.ItemCollection" /> spécifiée.</returns>
      <param name="itemCollection">Collection en mémoire de métadonnées.</param>
    </member>
    <member name="M:Microsoft.Data.Entity.Design.DatabaseGeneration.MetadataWorkspaceExtensions.GetAllReferentialConstraints(System.Data.Metadata.Edm.StoreItemCollection)">
      <summary>Retourne une collection énumérable de tous les objets <see cref="T:System.Data.Metadata.Edm.ReferentialConstraint" /> dans la <see cref="T:System.Data.Metadata.Edm.StoreItemCollection" /> spécifiée.</summary>
      <returns>Collection énumérable de tous les objets <see cref="T:System.Data.Metadata.Edm.ReferentialConstraint" /> dans la <see cref="T:System.Data.Metadata.Edm.StoreItemCollection" /> spécifiée.</returns>
      <param name="storeItemCollection">Collection en mémoire de métadonnées du modèle de stockage.</param>
    </member>
    <member name="M:Microsoft.Data.Entity.Design.DatabaseGeneration.MetadataWorkspaceExtensions.GetAssociation(System.Data.Metadata.Edm.AssociationSet)">
      <summary>Retourne l'objet <see cref="T:System.Data.Metadata.Edm.AssociationType" /> dans l'<see cref="T:System.Data.Metadata.Edm.AssociationSet" /> spécifié.</summary>
      <returns>Objet <see cref="T:System.Data.Metadata.Edm.AssociationType" /> dans l'<see cref="T:System.Data.Metadata.Edm.AssociationSet" /> spécifié.</returns>
      <param name="associationSet">Ensemble d'associations dans un modèle conceptuel.</param>
    </member>
    <member name="M:Microsoft.Data.Entity.Design.DatabaseGeneration.MetadataWorkspaceExtensions.GetContainingTypes(System.Data.Metadata.Edm.EntitySet,System.Data.Metadata.Edm.ItemCollection)">
      <summary>Retourne une collection de tous les objets <see cref="T:System.Data.Metadata.Edm.EntityType" /> dans les <see cref="T:System.Data.Metadata.Edm.EntitySet" /> et <see cref="T:System.Data.Metadata.Edm.ItemCollection" /> spécifiés.</summary>
      <returns>Collection de tous les objets <see cref="T:System.Data.Metadata.Edm.EntityType" /> dans les <see cref="T:System.Data.Metadata.Edm.EntitySet" /> et <see cref="T:System.Data.Metadata.Edm.ItemCollection" /> spécifiés.</returns>
      <param name="set">Jeu d'entités dans un modèle conceptuel.</param>
      <param name="itemCollection">Collection en mémoire de métadonnées.</param>
    </member>
    <member name="M:Microsoft.Data.Entity.Design.DatabaseGeneration.MetadataWorkspaceExtensions.GetDbProviderManifest(System.String,System.String)">
      <summary>Retourne le <see cref="T:System.Data.Common.DbProviderManifest" /> pour le fournisseur qui a le nom invariant et le jeton du manifeste spécifiés.</summary>
      <returns>
        <see cref="T:System.Data.Common.DbProviderManifest" /> pour le fournisseur qui a le nom invariant et le jeton du manifeste spécifiés.</returns>
      <param name="providerInvariantName">Nom invariant du fournisseur.</param>
      <param name="providerManifestToken">Jeton du manifeste du fournisseur.</param>
    </member>
    <member name="M:Microsoft.Data.Entity.Design.DatabaseGeneration.MetadataWorkspaceExtensions.GetDependentEnd(System.Data.Metadata.Edm.AssociationType)">
      <summary>Retourne la terminaison dépendante de l'objet <see cref="T:System.Data.Metadata.Edm.AssociationType" /> spécifié.</summary>
      <returns>Terminaison dépendante de l'objet <see cref="T:System.Data.Metadata.Edm.AssociationType" /> spécifié.</returns>
      <param name="association">Association dans un modèle conceptuel.</param>
    </member>
    <member name="M:Microsoft.Data.Entity.Design.DatabaseGeneration.MetadataWorkspaceExtensions.GetDependentProperty(System.Data.Metadata.Edm.EdmProperty,System.Data.Metadata.Edm.ReferentialConstraint)">
      <summary>Retourne la propriété sur la terminaison dépendante de la contrainte référentielle spécifiée qui correspond à la propriété sur la terminaison principale.</summary>
      <returns>Propriété sur la terminaison dépendante de la contrainte référentielle spécifiée qui correspond à la propriété sur la terminaison principale.</returns>
      <param name="property">Propriété sur la terminaison principale de la contrainte référentielle spécifiée.</param>
      <param name="refConstraint">Contrainte référentielle dans un modèle conceptuel.</param>
    </member>
    <member name="M:Microsoft.Data.Entity.Design.DatabaseGeneration.MetadataWorkspaceExtensions.GetEnd1(System.Data.Metadata.Edm.AssociationType)">
      <summary>Retourne le premier <see cref="T:System.Data.Metadata.Edm.AssociationEndMember" /> dans la propriété <see cref="P:System.Data.Metadata.Edm.AssociationType.AssociationEndMembers" /> du <see cref="T:System.Data.Metadata.Edm.AssociationType" /> spécifié.</summary>
      <returns>Premier <see cref="T:System.Data.Metadata.Edm.AssociationEndMember" /> dans la propriété <see cref="P:System.Data.Metadata.Edm.AssociationType.AssociationEndMembers" /> du <see cref="T:System.Data.Metadata.Edm.AssociationType" /> spécifié.</returns>
      <param name="association">Association dans un modèle conceptuel.</param>
    </member>
    <member name="M:Microsoft.Data.Entity.Design.DatabaseGeneration.MetadataWorkspaceExtensions.GetEnd2(System.Data.Metadata.Edm.AssociationType)">
      <summary>Retourne le second <see cref="T:System.Data.Metadata.Edm.AssociationEndMember" /> dans la propriété <see cref="P:System.Data.Metadata.Edm.AssociationType.AssociationEndMembers" /> du <see cref="T:System.Data.Metadata.Edm.AssociationType" /> spécifié.</summary>
      <returns>Second <see cref="T:System.Data.Metadata.Edm.AssociationEndMember" /> dans la propriété <see cref="P:System.Data.Metadata.Edm.AssociationType.AssociationEndMembers" /> du <see cref="T:System.Data.Metadata.Edm.AssociationType" /> spécifié.</returns>
      <param name="association">Association dans un modèle conceptuel.</param>
    </member>
    <member name="M:Microsoft.Data.Entity.Design.DatabaseGeneration.MetadataWorkspaceExtensions.GetEntityContainerName(System.Data.Metadata.Edm.ItemCollection)">
      <summary>Retourne la valeur de l'attribut Name de l'élément EntityContainer dans la <see cref="T:System.Data.Metadata.Edm.ItemCollection" />spécifiée.</summary>
      <returns>Valeur de l'attribut Name de l'élément EntityContainer dans la <see cref="T:System.Data.Metadata.Edm.ItemCollection" />spécifiée.</returns>
      <param name="itemCollection">Collection en mémoire de métadonnées.</param>
    </member>
    <member name="M:Microsoft.Data.Entity.Design.DatabaseGeneration.MetadataWorkspaceExtensions.GetEntityType(System.Data.Metadata.Edm.RelationshipEndMember)">
      <summary>Retourne le <see cref="T:System.Data.Metadata.Edm.EntityType" /> pour le <see cref="T:System.Data.Metadata.Edm.RelationshipEndMember" /> spécifié.</summary>
      <returns>
        <see cref="T:System.Data.Metadata.Edm.EntityType" /> du <see cref="T:System.Data.Metadata.Edm.RelationshipEndMember" /> spécifié.</returns>
      <param name="end">Une terminaison d'une association.</param>
    </member>
    <member name="M:Microsoft.Data.Entity.Design.DatabaseGeneration.MetadataWorkspaceExtensions.GetKeyProperties(System.Data.Metadata.Edm.AssociationEndMember)">
      <summary>Retourne les propriétés de clé du <see cref="T:System.Data.Metadata.Edm.EntityType" /> associé au <see cref="T:System.Data.Metadata.Edm.AssociationEndMember" />spécifié.</summary>
      <returns>Propriétés de clé du <see cref="T:System.Data.Metadata.Edm.EntityType" /> associé au <see cref="T:System.Data.Metadata.Edm.AssociationEndMember" />spécifié.</returns>
      <param name="end">Une terminaison d'une association dans un modèle conceptuel.</param>
    </member>
    <member name="M:Microsoft.Data.Entity.Design.DatabaseGeneration.MetadataWorkspaceExtensions.GetKeyProperties(System.Data.Metadata.Edm.EntityType)">
      <summary>Retourne les propriétés de clé du <see cref="T:System.Data.Metadata.Edm.EntityType" /> spécifié.</summary>
      <returns>Propriétés de clé du <see cref="T:System.Data.Metadata.Edm.EntityType" /> spécifié.</returns>
      <param name="entityType">Type d'entité dans le modèle conceptuel.</param>
    </member>
    <member name="M:Microsoft.Data.Entity.Design.DatabaseGeneration.MetadataWorkspaceExtensions.GetNamespace(System.Data.Metadata.Edm.ItemCollection)">
      <summary>Retourne le nom de l'espace de noms du premier <see cref="T:System.Data.Metadata.Edm.StructuralType" /> trouvé dans la <see cref="T:System.Data.Metadata.Edm.ItemCollection" /> spécifiée.</summary>
      <returns>Nom de l'espace de noms du premier <see cref="T:System.Data.Metadata.Edm.StructuralType" /> trouvé dans la <see cref="T:System.Data.Metadata.Edm.ItemCollection" /> spécifiée.</returns>
      <param name="itemCollection">Collection en mémoire de métadonnées.</param>
    </member>
    <member name="M:Microsoft.Data.Entity.Design.DatabaseGeneration.MetadataWorkspaceExtensions.GetOnDelete(System.Data.Metadata.Edm.AssociationEndMember)">
      <summary>Retourne la valeur de l'élément OnDelete pour la terminaison d'association spécifiée.</summary>
      <returns>Valeur de l'élément OnDelete pour la terminaison d'association spécifiée.</returns>
      <param name="end">Une terminaison d'une association dans un modèle conceptuel.</param>
    </member>
    <member name="M:Microsoft.Data.Entity.Design.DatabaseGeneration.MetadataWorkspaceExtensions.GetOtherEnd(System.Data.Metadata.Edm.AssociationType,System.Data.Metadata.Edm.AssociationEndMember)">
      <summary>Retourne l'autre terminaison d'association pour la terminaison d'association spécifiée.</summary>
      <returns>Autre terminaison d'association pour la terminaison d'association spécifiée.</returns>
      <param name="assoc">Association parcourue.</param>
      <param name="end">Une terminaison de l'association spécifiée.</param>
    </member>
    <member name="M:Microsoft.Data.Entity.Design.DatabaseGeneration.MetadataWorkspaceExtensions.GetPrincipalEnd(System.Data.Metadata.Edm.AssociationType)">
      <summary>Retourne la terminaison principale de l'association spécifiée.</summary>
      <returns>Terminaison principale de l'association spécifiée.</returns>
      <param name="association">Association dans le modèle conceptuel.</param>
    </member>
    <member name="M:Microsoft.Data.Entity.Design.DatabaseGeneration.MetadataWorkspaceExtensions.GetRootOrSelf(System.Data.Metadata.Edm.EntityType)">
      <summary>Retourne le type d'entité à la racine d'une hiérarchie d'héritage.</summary>
      <returns>Type d'entité à la racine d'une hiérarchie d'héritage.</returns>
      <param name="entityType">Type d'entité dans un modèle conceptuel.</param>
    </member>
    <member name="M:Microsoft.Data.Entity.Design.DatabaseGeneration.MetadataWorkspaceExtensions.GetSchemaName(System.Data.Metadata.Edm.EntitySet)">
      <summary>Retourne le nom de schéma pour le <see cref="T:System.Data.Metadata.Edm.EntitySet" /> spécifié.</summary>
      <returns>Nom de schéma pour le <see cref="T:System.Data.Metadata.Edm.EntitySet" /> spécifié.</returns>
      <param name="entitySet">Jeu d'entités.</param>
    </member>
    <member name="M:Microsoft.Data.Entity.Design.DatabaseGeneration.MetadataWorkspaceExtensions.GetStoreGeneratedPatternValue(System.Data.Metadata.Edm.EdmMember,System.Version,System.Data.Metadata.Edm.DataSpace)">
      <summary>Retourne la valeur de la facette ou de l'annotation StoreGeneratedPattern d'une propriété dans le modèle conceptuel ou de stockage.</summary>
      <returns>Valeur de la facette ou de l'annotation StoreGeneratedPattern d'une propriété dans le modèle conceptuel ou de stockage.</returns>
      <param name="property">Propriété qui contient la facette StoreGeneratedPattern.</param>
      <param name="targetVersion">Version ciblée d'Entity Framework.</param>
      <param name="dataSpace">Modèle (conceptuel ou de stockage) dans lequel la propriété spécifiée existe.</param>
    </member>
    <member name="M:Microsoft.Data.Entity.Design.DatabaseGeneration.MetadataWorkspaceExtensions.GetStoreType(System.Data.Metadata.Edm.EdmMember,System.Data.Common.DbProviderManifest)">
      <summary>Retourne le type de stockage qui correspond au <see cref="T:System.Data.Metadata.Edm.EdmMember" /> spécifié en examinant le <see cref="T:System.Data.Common.DbProviderManifest" /> spécifié.</summary>
      <returns>Type de stockage qui correspond au <see cref="T:System.Data.Metadata.Edm.EdmMember" /> spécifié.</returns>
      <param name="edmMember">Membre CSDL qui contient le type EDM qui sera traduit dans le type de magasin (SSDL).</param>
      <param name="providerManifest">Fournisseur de stockage actuellement utilisé.</param>
    </member>
    <member name="M:Microsoft.Data.Entity.Design.DatabaseGeneration.MetadataWorkspaceExtensions.GetTableName(System.Data.Metadata.Edm.EntitySet)">
      <summary>Retourne le nom de la table qui correspond au <see cref="T:System.Data.Metadata.Edm.EntitySet" /> spécifié.</summary>
      <returns>Nom de la table qui correspond au <see cref="T:System.Data.Metadata.Edm.EntitySet" /> spécifié.</returns>
      <param name="entitySet">Jeu d'entités.</param>
    </member>
    <member name="M:Microsoft.Data.Entity.Design.DatabaseGeneration.MetadataWorkspaceExtensions.InferSsdlFacetsForCsdlProperty(System.Data.Metadata.Edm.EdmProperty,System.Data.Common.DbProviderManifest)">
      <summary>Déduit <see cref="T:System.Data.Metadata.Edm.Facet" />s pour une propriété dans le modèle de stockage selon la propriété correspondante dans le modèle conceptuel.</summary>
      <returns>Liste de <see cref="T:System.Data.Metadata.Edm.Facet" />s pour une propriété dans le modèle de stockage selon la propriété correspondante dans le modèle conceptuel.</returns>
      <param name="csdlProperty">Propriété dans le modèle conceptuel.</param>
      <param name="providerManifest">Fournisseur de stockage actuellement utilisé.</param>
    </member>
    <member name="M:Microsoft.Data.Entity.Design.DatabaseGeneration.MetadataWorkspaceExtensions.IsComplexProperty(System.Data.Metadata.Edm.EdmProperty)">
      <summary>Détermine si le type de la propriété spécifiée est un type complexe.</summary>
      <returns>True si la propriété spécifiée est un <see cref="F:System.Data.Metadata.Edm.BuiltInTypeKind.ComplexType" /> ; sinon False.</returns>
      <param name="property">Propriété dans le modèle conceptuel.</param>
    </member>
    <member name="M:Microsoft.Data.Entity.Design.DatabaseGeneration.MetadataWorkspaceExtensions.IsDerivedType(System.Data.Metadata.Edm.EntityType)">
      <summary>Détermine si le type d'entité spécifié est un type dérivé.</summary>
      <returns>True si le type d'entité spécifié a un type de base ; sinon False.</returns>
      <param name="entityType">Type d'entité dans le modèle conceptuel.</param>
    </member>
    <member name="M:Microsoft.Data.Entity.Design.DatabaseGeneration.MetadataWorkspaceExtensions.IsJoinTable(System.Data.Metadata.Edm.EntityType,System.Data.Metadata.Edm.StoreItemCollection)">
      <summary>Détermine si le type d'entité du modèle de stockage spécifié représente une table de jointure dans la base de données.</summary>
      <returns>True si toutes les conditions suivantes sont remplies :Le type d'entité spécifié a deux associations qui proviennent de lui.Les deux terminaisons d'association sur le type d'entité spécifié ont une multiplicité de plusieurs (*).Les autres terminaisons des deux associations qui proviennent du type d'entité spécifié ont chacune une multiplicité de un (1).Le nombre de propriétés sur le type d'entité spécifié est égal à la somme de toutes les propriétés de clé sur les terminaisons des associations.Toutes les propriétés dans le type d'entité spécifié sont des propriétés de clé.Dans le cas contraire, la valeur est False.</returns>
      <param name="entityType">Type d'entité dans le modèle de stockage.</param>
      <param name="store">Collection en mémoire de métadonnées du modèle de stockage.</param>
    </member>
    <member name="M:Microsoft.Data.Entity.Design.DatabaseGeneration.MetadataWorkspaceExtensions.IsManyToMany(System.Data.Metadata.Edm.AssociationType)">
      <summary>Détermine si l'association spécifiée est une association plusieurs-à-plusieurs (*:*).</summary>
      <returns>True si les deux terminaisons de l'association spécifiée ont une multiplicité de plusieurs (*) ; sinon, False.</returns>
      <param name="assoc">Association dans le modèle conceptuel ou de stockage.</param>
    </member>
    <member name="M:Microsoft.Data.Entity.Design.DatabaseGeneration.MetadataWorkspaceExtensions.IsPKToPK(System.Data.Metadata.Edm.AssociationType)">
      <summary>Détermine si les terminaisons de l'association spécifiée impliquent uniquement des clés primaires.</summary>
      <returns>True si l'association est une relation un-à-un (1:1), un-à-zéro-ou-un (1:0..1) ou zéro-ou-un-à-zéro-ou-un (0..1:0..1) ; sinon, False.</returns>
      <param name="assoc">Association dans le modèle conceptuel ou de stockage.</param>
    </member>
    <member name="M:Microsoft.Data.Entity.Design.DatabaseGeneration.MetadataWorkspaceExtensions.ToStoreType(System.Data.Metadata.Edm.EdmProperty)">
      <summary>Convertit le type de données du modèle conceptuel de la propriété spécifiée en un type de données SQL Server.</summary>
      <returns>Nom du type de données SQL Server qui correspond au type de données du modèle conceptuel de la propriété spécifiée.</returns>
      <param name="property">Propriété dans le modèle conceptuel.</param>
    </member>
    <member name="M:Microsoft.Data.Entity.Design.DatabaseGeneration.MetadataWorkspaceExtensions.VisitComplexProperty(System.Data.Metadata.Edm.EdmProperty,Microsoft.Data.Entity.Design.DatabaseGeneration.MetadataWorkspaceExtensions.ScalarInComplexPropertyVisitorDelegate,System.String,System.Boolean)">
      <summary>Exécute le <see cref="T:Microsoft.Data.Entity.Design.DatabaseGeneration.MetadataWorkspaceExtensions.ScalarInComplexPropertyVisitorDelegate" /> sur chaque propriété scalaire de la propriété de type complexe spécifiée.</summary>
      <param name="property">Propriété de type complexe.</param>
      <param name="visitorDelegate">Délégué exécuté sur chaque propriété scalaire.</param>
      <param name="delimiter">Séparateur utilisé lors de l'affectation de noms aux propriétés des propriétés de type complexe spécifiées.</param>
      <param name="recursive">Spécifie si la méthode <see cref="M:Microsoft.Data.Entity.Design.DatabaseGeneration.MetadataWorkspaceExtensions.VisitComplexProperty" /> doit être appelée sur les propriétés de type complexe imbriquées dans le type complexe spécifié.</param>
    </member>
    <member name="T:Microsoft.Data.Entity.Design.DatabaseGeneration.MetadataWorkspaceExtensions.ScalarInComplexPropertyVisitorDelegate">
      <summary>Type délégué que la méthode <see cref="M:Microsoft.Data.Entity.Design.DatabaseGeneration.MetadataWorkspaceExtensions.VisitComplexProperty(System.Data.Metadata.Edm.EdmProperty,Microsoft.Data.Entity.Design.DatabaseGeneration.MetadataWorkspaceExtensions.ScalarInComplexPropertyVisitorDelegate,System.String,System.Boolean)" /> utilise pour autoriser un contrôle défini par l'utilisateur sur la façon dont les propriétés scalaires d'une propriété de type complexe dans le modèle conceptuel sont nommées dans le modèle de stockage généré.</summary>
      <param name="namePrefix">Nom de la propriété CSDL imbriquée dans un format qui concatène toutes les propriétés CSDL parentes.</param>
      <param name="property">Propriété CSDL imbriquée actuellement visitée dans le type complexe de cette propriété complexe.</param>
    </member>
    <member name="T:Microsoft.Data.Entity.Design.DatabaseGeneration.Activities.CsdlToSsdlAndMslActivity">
      <summary>Activité Windows Workflow qui génère un modèle de stockage et des informations sur le mappage selon un modèle conceptuel.</summary>
    </member>
    <member name="M:Microsoft.Data.Entity.Design.DatabaseGeneration.Activities.CsdlToSsdlAndMslActivity.#ctor">
      <summary>Crée une instance de la classe <see cref="T:Microsoft.Data.Entity.Design.DatabaseGeneration.Activities.CsdlToSsdlAndMslActivity" />.</summary>
    </member>
    <member name="P:Microsoft.Data.Entity.Design.DatabaseGeneration.Activities.CsdlToSsdlAndMslActivity.CsdlInput">
      <summary>
        <see cref="T:System.Activities.InArgument`1" /> Windows Workflow qui spécifie le langage CSDL à partir duquel les langages SSDL et MSL sont générés.</summary>
      <returns>Langage CSDL à partir duquel les langages SSDL et MSL sont générés.</returns>
    </member>
    <member name="P:Microsoft.Data.Entity.Design.DatabaseGeneration.Activities.CsdlToSsdlAndMslActivity.MslOutput">
      <summary>
        <see cref="T:System.Activities.OutArgument`1" /> Windows Workflow qui spécifie le langage MSL généré à partir du langage CSDL dans la propriété <see cref="P:Microsoft.Data.Entity.Design.DatabaseGeneration.Activities.CsdlToSsdlAndMslActivity.CsdlInput" />.</summary>
      <returns>Langage MSL généré à partir du langage CSDL dans la propriété <see cref="P:Microsoft.Data.Entity.Design.DatabaseGeneration.Activities.CsdlToSsdlAndMslActivity.CsdlInput" />.</returns>
    </member>
    <member name="P:Microsoft.Data.Entity.Design.DatabaseGeneration.Activities.CsdlToSsdlAndMslActivity.MslOutputGeneratorType">
      <summary>Nom d'assembly complet du type utilisé pour générer le langage MSL à partir du langage CSDL dans la propriété <see cref="P:Microsoft.Data.Entity.Design.DatabaseGeneration.Activities.CsdlToSsdlAndMslActivity.CsdlInput" />.</summary>
      <returns>Nom d'assembly complet du type de générateur de sortie utilisé pour générer le langage MSL à partir du langage CSDL dans la propriété <see cref="P:Microsoft.Data.Entity.Design.DatabaseGeneration.Activities.CsdlToSsdlAndMslActivity.CsdlInput" />.</returns>
    </member>
    <member name="P:Microsoft.Data.Entity.Design.DatabaseGeneration.Activities.CsdlToSsdlAndMslActivity.SsdlOutput">
      <summary>
        <see cref="T:System.Activities.OutArgument`1" /> Windows Workflow qui spécifie le langage SSDL généré à partir du langage CSDL dans la propriété <see cref="P:Microsoft.Data.Entity.Design.DatabaseGeneration.Activities.CsdlToSsdlAndMslActivity.CsdlInput" />.</summary>
      <returns>Langage SSDL généré à partir du langage CSDL dans la propriété <see cref="P:Microsoft.Data.Entity.Design.DatabaseGeneration.Activities.CsdlToSsdlAndMslActivity.CsdlInput" />.</returns>
    </member>
    <member name="T:Microsoft.Data.Entity.Design.DatabaseGeneration.OutputGenerators.CsdlToMsl">
      <summary>Génère un langage MSL (Mapping Specification Language) selon le langage CSDL (Conceptual Schema Definition Language) fourni.</summary>
    </member>
    <member name="M:Microsoft.Data.Entity.Design.DatabaseGeneration.OutputGenerators.CsdlToMsl.#ctor">
      <summary>Crée une instance de <see cref="T:Microsoft.Data.Entity.Design.DatabaseGeneration.OutputGenerators.CsdlToMsl" />.</summary>
    </member>
    <member name="M:Microsoft.Data.Entity.Design.DatabaseGeneration.OutputGenerators.CsdlToMsl.GenerateActivityOutput``1(Microsoft.Data.Entity.Design.DatabaseGeneration.OutputGenerators.OutputGeneratorActivity,System.Activities.NativeActivityContext,System.Collections.Generic.IDictionary{System.String,System.Object})">
      <summary>Génère un langage MSL (Mapping Specification Language) selon le langage CSDL (Conceptual Schema Definition Language) fourni.</summary>
      <returns>Langage MSL (Mapping Specification Language) de type T basé sur le langage CSDL (Conceptual Schema Definition Language) fourni.</returns>
      <param name="activity">Activité actuellement en cours d'exécution.</param>
      <param name="context">Contexte d'activité qui contient l'état du workflow.</param>
      <param name="inputs">Contient le langage CSDL entrant.</param>
      <typeparam name="T">Type de la sortie d'activité.</typeparam>
    </member>
    <member name="T:Microsoft.Data.Entity.Design.DatabaseGeneration.OutputGenerators.CsdlToSsdl">
      <summary>Génère un langage SSDL (Store Schema Definition Language) selon le langage CSDL (Conceptual Schema Definition Language) fourni.</summary>
    </member>
    <member name="M:Microsoft.Data.Entity.Design.DatabaseGeneration.OutputGenerators.CsdlToSsdl.#ctor">
      <summary>Crée une instance de <see cref="T:Microsoft.Data.Entity.Design.DatabaseGeneration.OutputGenerators.CsdlToSsdl" />.</summary>
    </member>
    <member name="M:Microsoft.Data.Entity.Design.DatabaseGeneration.OutputGenerators.CsdlToSsdl.GenerateActivityOutput``1(Microsoft.Data.Entity.Design.DatabaseGeneration.OutputGenerators.OutputGeneratorActivity,System.Activities.NativeActivityContext,System.Collections.Generic.IDictionary{System.String,System.Object})">
      <summary>Génère un langage SSDL (Store Schema Definition Language) selon le langage CSDL (Conceptual Schema Definition Language) fourni.</summary>
      <returns>Langage SSDL (Store Schema Definition Language) de type T basé sur le langage CSDL (Conceptual Schema Definition Language) fourni.</returns>
      <param name="activity">Activité actuellement en cours d'exécution.</param>
      <param name="context">Contexte d'activité qui contient l'état du workflow.</param>
      <param name="inputs">Contient le langage CSDL entrant.</param>
      <typeparam name="T">Type de la sortie d'activité.</typeparam>
    </member>
    <member name="T:Microsoft.Data.Entity.Design.DatabaseGeneration.OutputGenerators.IGenerateActivityOutput">
      <summary>Expose des méthodes qui génèrent une sortie pour une entrée donnée.</summary>
    </member>
    <member name="M:Microsoft.Data.Entity.Design.DatabaseGeneration.OutputGenerators.IGenerateActivityOutput.GenerateActivityOutput``1(Microsoft.Data.Entity.Design.DatabaseGeneration.OutputGenerators.OutputGeneratorActivity,System.Activities.NativeActivityContext,System.Collections.Generic.IDictionary{System.String,System.Object})">
      <summary>Génère une sortie pour l'entrée qui est dans le <see cref="T:Microsoft.Data.Entity.Design.DatabaseGeneration.OutputGenerators.OutputGeneratorActivity" />spécifié.</summary>
      <returns>Sortie de type T pour l'entrée qui est dans le <see cref="T:Microsoft.Data.Entity.Design.DatabaseGeneration.OutputGenerators.OutputGeneratorActivity" /> spécifié.</returns>
      <param name="owningActivity">Activité qui appelle cette méthode.</param>
      <param name="context">Contexte d'activité qui contient l'état du workflow.</param>
      <param name="inputs">Entrée pour l'activité en tant que paires clé-valeur.</param>
      <typeparam name="T">Type de la sortie d'activité.</typeparam>
    </member>
    <member name="T:Microsoft.Data.Entity.Design.DatabaseGeneration.OutputGenerators.OutputGeneratorActivity">
      <summary>Classe de base pour <see cref="T:Microsoft.Data.Entity.Design.DatabaseGeneration.Activities.CsdlToSsdlAndMslActivity" />.</summary>
    </member>
    <member name="M:Microsoft.Data.Entity.Design.DatabaseGeneration.OutputGenerators.OutputGeneratorActivity.#ctor">
      <summary>Crée une instance de <see cref="T:Microsoft.Data.Entity.Design.DatabaseGeneration.OutputGenerators.OutputGeneratorActivity" />.</summary>
    </member>
    <member name="M:Microsoft.Data.Entity.Design.DatabaseGeneration.OutputGenerators.OutputGeneratorActivity.Execute(System.Activities.NativeActivityContext)">
      <summary>Génère une sortie fournie au <see cref="T:System.Activities.NativeActivityContext" /> spécifié selon une entrée spécifiée dans le <see cref="T:System.Activities.NativeActivityContext" />.</summary>
      <param name="context">État de l'activité en cours.</param>
    </member>
    <member name="P:Microsoft.Data.Entity.Design.DatabaseGeneration.OutputGenerators.OutputGeneratorActivity.OutputGeneratorOutput">
      <summary>Spécifie le nom de type d'assembly complet du générateur de sortie.</summary>
      <returns>Nom de type d'assembly complet du générateur de sortie.</returns>
    </member>
    <member name="P:Microsoft.Data.Entity.Design.DatabaseGeneration.OutputGenerators.OutputGeneratorActivity.OutputGeneratorType">
      <summary>
        <see cref="T:System.Activities.InArgument`1" /> qui spécifie le nom de type d'assembly complet du générateur de sortie.</summary>
      <returns>Nom de type d'assembly complet du générateur de sortie.</returns>
    </member>
    <member name="M:Microsoft.Data.Entity.Design.DatabaseGeneration.OutputGenerators.OutputGeneratorActivity.ProcessOutputGenerator``1(System.String,System.Activities.NativeActivityContext,System.Collections.Generic.IDictionary{System.String,System.Object})">
      <summary>Retourne la sortie produite par le générateur de sortie avec le nom de type du générateur de sortie spécifié.</summary>
      <returns>Sortie produite par le générateur de sortie avec le nom de type du générateur de sortie spécifié.</returns>
      <param name="outputGeneratorTypeName">Nom du type du générateur de sortie.</param>
      <param name="context">État de l'activité en cours.</param>
      <param name="inputs">Entrées pour l'activité en tant que paires clé-valeur.</param>
      <typeparam name="T">Type de la sortie.</typeparam>
    </member>
  </members>
</doc>