﻿<?xml version="1.0" encoding="utf-8"?>
<doc>
  <assembly>
    <name>Microsoft.Data.Entity.Design</name>
  </assembly>
  <members>
    <member name="T:Microsoft.Data.Entity.Design.DatabaseGeneration.Activities.SsdlToDdlActivity">
      <summary>Activité Windows Workflow qui génère le langage de définition de données (DDL) à partir du langage SSDL (Store Schema Definition Language). Cette classe hérite de <see cref="T:Microsoft.Data.Entity.Design.VisualStudio.TextTemplating.TemplateActivity" />.</summary>
    </member>
    <member name="M:Microsoft.Data.Entity.Design.DatabaseGeneration.Activities.SsdlToDdlActivity.#ctor">
      <summary>Crée une instance de la classe <see cref="T:Microsoft.Data.Entity.Design.DatabaseGeneration.Activities.SsdlToDdlActivity" />.</summary>
    </member>
    <member name="P:Microsoft.Data.Entity.Design.DatabaseGeneration.Activities.SsdlToDdlActivity.DdlOutput">
      <summary>Windows Workflow <see cref="T:System.Activities.OutArgument`1" /> qui spécifie le langage de définition de données (DDL) généré à partir du langage SSDL (Store Schema Definition Language) dans les propriétés <see cref="P:Microsoft.Data.Entity.Design.DatabaseGeneration.Activities.SsdlToDdlActivity.SsdlInput" /> et <see cref="P:Microsoft.Data.Entity.Design.DatabaseGeneration.Activities.SsdlToDdlActivity.ExistingSsdlInput" />.</summary>
      <returns>Langage de définition de données (DDL) généré à partir du langage SSDL (Store Schema Definition Language) dans les propriétés <see cref="P:Microsoft.Data.Entity.Design.DatabaseGeneration.Activities.SsdlToDdlActivity.SsdlInput" /> et <see cref="P:Microsoft.Data.Entity.Design.DatabaseGeneration.Activities.SsdlToDdlActivity.ExistingSsdlInput" />.</returns>
    </member>
    <member name="P:Microsoft.Data.Entity.Design.DatabaseGeneration.Activities.SsdlToDdlActivity.ExistingSsdlInput">
      <summary>Windows Workflow <see cref="T:System.Activities.InArgument`1" /> qui spécifie le langage SSDL (Store Schema Definition Language) existant à partir duquel le langage de définition de données (DDL) de suppression des objets de base de données existants est généré.</summary>
      <returns>Langage SSDL (Store Schema Definition Language) à partir duquel le langage de définition de données (DDL) de suppression des objets de base de données existants est généré.</returns>
    </member>
    <member name="P:Microsoft.Data.Entity.Design.DatabaseGeneration.Activities.SsdlToDdlActivity.SsdlInput">
      <summary>Windows Workflow <see cref="T:System.Activities.InArgument`1" /> qui spécifie le langage SSDL (Store Schema Definition Language) à partir duquel le langage de définition de données (DDL) de création d'objets de base de données est généré.</summary>
      <returns>Langage SSDL (Store Schema Definition Language) à partir duquel le langage de définition de données (DDL) de création d'objets de base de données est généré.</returns>
    </member>
    <member name="T:Microsoft.Data.Entity.Design.Extensibility.IEntityDesignerConversionData">
      <summary>Réservé à un usage interne Microsoft.</summary>
    </member>
    <member name="P:Microsoft.Data.Entity.Design.Extensibility.IEntityDesignerConversionData.FileExtension">
      <summary>Réservé à un usage interne Microsoft.</summary>
      <returns>Réservé à un usage interne Microsoft.</returns>
    </member>
    <member name="T:Microsoft.Data.Entity.Design.Extensibility.IEntityDesignerPropertyData">
      <summary>Réservé à un usage interne Microsoft.</summary>
    </member>
    <member name="P:Microsoft.Data.Entity.Design.Extensibility.IEntityDesignerPropertyData.EntityDesignerSelection">
      <summary>Réservé à un usage interne Microsoft.</summary>
      <returns>Réservé à un usage interne Microsoft.</returns>
    </member>
    <member name="T:Microsoft.Data.Entity.Design.UI.Views.Explorer.EntityDesignExplorerContent">
      <summary>Réservé à un usage interne Microsoft.</summary>
    </member>
    <member name="M:Microsoft.Data.Entity.Design.UI.Views.Explorer.EntityDesignExplorerContent.#ctor">
      <summary>Réservé à un usage interne Microsoft.</summary>
    </member>
    <member name="M:Microsoft.Data.Entity.Design.UI.Views.Explorer.EntityDesignExplorerContent.InitializeComponent">
      <summary>Réservé à un usage interne Microsoft.</summary>
    </member>
    <member name="M:Microsoft.Data.Entity.Design.UI.Views.Explorer.EntityDesignExplorerContent.System#Windows#Markup#IComponentConnector#Connect(System.Int32,System.Object)">
      <summary>Réservé à un usage interne Microsoft.</summary>
      <param name="connectionId">Réservé à un usage interne Microsoft.</param>
      <param name="target">Réservé à un usage interne Microsoft.</param>
    </member>
    <member name="M:Microsoft.Data.Entity.Design.UI.Views.Explorer.EntityDesignExplorerContent.System#Windows#Markup#IStyleConnector#Connect(System.Int32,System.Object)">
      <summary>Réservé à un usage interne Microsoft.</summary>
      <param name="connectionId">Réservé à un usage interne Microsoft.</param>
      <param name="target">Réservé à un usage interne Microsoft.</param>
    </member>
    <member name="T:Microsoft.Data.Entity.Design.VisualStudio.ModelWizard.AddArtifactGeneratorWizard">
      <summary>Réservé à un usage interne Microsoft.</summary>
    </member>
    <member name="M:Microsoft.Data.Entity.Design.VisualStudio.ModelWizard.AddArtifactGeneratorWizard.#ctor">
      <summary>Réservé à un usage interne Microsoft.</summary>
    </member>
    <member name="M:Microsoft.Data.Entity.Design.VisualStudio.ModelWizard.AddArtifactGeneratorWizard.BeforeOpeningFile(EnvDTE.ProjectItem)">
      <summary>Réservé à un usage interne Microsoft.</summary>
      <param name="projectItem">Réservé à un usage interne Microsoft.</param>
    </member>
    <member name="M:Microsoft.Data.Entity.Design.VisualStudio.ModelWizard.AddArtifactGeneratorWizard.ProjectFinishedGenerating(EnvDTE.Project)">
      <summary>Réservé à un usage interne Microsoft.</summary>
      <param name="project">Réservé à un usage interne Microsoft.</param>
    </member>
    <member name="M:Microsoft.Data.Entity.Design.VisualStudio.ModelWizard.AddArtifactGeneratorWizard.ProjectItemFinishedGenerating(EnvDTE.ProjectItem)">
      <summary>Réservé à un usage interne Microsoft.</summary>
      <param name="projectItem">Réservé à un usage interne Microsoft.</param>
    </member>
    <member name="M:Microsoft.Data.Entity.Design.VisualStudio.ModelWizard.AddArtifactGeneratorWizard.RunFinished">
      <summary>Réservé à un usage interne Microsoft.</summary>
    </member>
    <member name="M:Microsoft.Data.Entity.Design.VisualStudio.ModelWizard.AddArtifactGeneratorWizard.RunStarted(System.Object,System.Collections.Generic.Dictionary{System.String,System.String},Microsoft.VisualStudio.TemplateWizard.WizardRunKind,System.Object[])">
      <summary>Réservé à un usage interne Microsoft.</summary>
      <param name="automationObject">Réservé à un usage interne Microsoft.</param>
      <param name="replacementsDictionary">Réservé à un usage interne Microsoft.</param>
      <param name="runKind">Réservé à un usage interne Microsoft.</param>
      <param name="customParams">Réservé à un usage interne Microsoft.</param>
    </member>
    <member name="M:Microsoft.Data.Entity.Design.VisualStudio.ModelWizard.AddArtifactGeneratorWizard.ShouldAddProjectItem(System.String)">
      <summary>Réservé à un usage interne Microsoft.</summary>
      <returns>Réservé à un usage interne Microsoft.</returns>
      <param name="filePath">Réservé à un usage interne Microsoft.</param>
    </member>
    <member name="T:Microsoft.Data.Entity.Design.VisualStudio.ModelWizard.ModelObjectItemWizard">
      <summary>Réservé à un usage interne Microsoft.</summary>
    </member>
    <member name="M:Microsoft.Data.Entity.Design.VisualStudio.ModelWizard.ModelObjectItemWizard.#ctor">
      <summary>Réservé à un usage interne Microsoft.</summary>
    </member>
    <member name="M:Microsoft.Data.Entity.Design.VisualStudio.ModelWizard.ModelObjectItemWizard.BeforeOpeningFile(EnvDTE.ProjectItem)">
      <summary>Réservé à un usage interne Microsoft.</summary>
      <param name="projectItem">Réservé à un usage interne Microsoft.</param>
    </member>
    <member name="M:Microsoft.Data.Entity.Design.VisualStudio.ModelWizard.ModelObjectItemWizard.ProjectFinishedGenerating(EnvDTE.Project)">
      <summary>Réservé à un usage interne Microsoft.</summary>
      <param name="project">Réservé à un usage interne Microsoft.</param>
    </member>
    <member name="M:Microsoft.Data.Entity.Design.VisualStudio.ModelWizard.ModelObjectItemWizard.ProjectItemFinishedGenerating(EnvDTE.ProjectItem)">
      <summary>Réservé à un usage interne Microsoft.</summary>
      <param name="projectItem">Réservé à un usage interne Microsoft.</param>
    </member>
    <member name="M:Microsoft.Data.Entity.Design.VisualStudio.ModelWizard.ModelObjectItemWizard.RunFinished">
      <summary>Réservé à un usage interne Microsoft.</summary>
    </member>
    <member name="M:Microsoft.Data.Entity.Design.VisualStudio.ModelWizard.ModelObjectItemWizard.RunStarted(System.Object,System.Collections.Generic.Dictionary{System.String,System.String},Microsoft.VisualStudio.TemplateWizard.WizardRunKind,System.Object[])">
      <summary>Réservé à un usage interne Microsoft.</summary>
      <param name="automationObject">Réservé à un usage interne Microsoft.</param>
      <param name="replacementsDictionary">Réservé à un usage interne Microsoft.</param>
      <param name="runKind">Réservé à un usage interne Microsoft.</param>
      <param name="customParams">Réservé à un usage interne Microsoft.</param>
    </member>
    <member name="M:Microsoft.Data.Entity.Design.VisualStudio.ModelWizard.ModelObjectItemWizard.ShouldAddProjectItem(System.String)">
      <summary>Réservé à un usage interne Microsoft.</summary>
      <returns>Réservé à un usage interne Microsoft.</returns>
      <param name="filePath">Réservé à un usage interne Microsoft.</param>
    </member>
    <member name="T:Microsoft.Data.Entity.Design.VisualStudio.SingleFileGenerator.BaseCodeGenerator">
      <summary>Réservé à un usage interne Microsoft.</summary>
    </member>
    <member name="M:Microsoft.Data.Entity.Design.VisualStudio.SingleFileGenerator.BaseCodeGenerator.#ctor">
      <summary>Réservé à un usage interne Microsoft.</summary>
    </member>
    <member name="M:Microsoft.Data.Entity.Design.VisualStudio.SingleFileGenerator.BaseCodeGenerator.DefaultExtension(System.String@)">
      <summary>Réservé à un usage interne Microsoft.</summary>
      <returns>Réservé à un usage interne Microsoft.</returns>
      <param name="pbstrDefaultExtension">Réservé à un usage interne Microsoft.</param>
    </member>
    <member name="P:Microsoft.Data.Entity.Design.VisualStudio.SingleFileGenerator.BaseCodeGenerator.DefaultExtensionString">
      <summary>Réservé à un usage interne Microsoft.</summary>
      <returns>Réservé à un usage interne Microsoft.</returns>
    </member>
    <member name="M:Microsoft.Data.Entity.Design.VisualStudio.SingleFileGenerator.BaseCodeGenerator.Dispose">
      <summary>Réservé à un usage interne Microsoft.</summary>
    </member>
    <member name="M:Microsoft.Data.Entity.Design.VisualStudio.SingleFileGenerator.BaseCodeGenerator.Dispose(System.Boolean)">
      <summary>Réservé à un usage interne Microsoft.</summary>
      <param name="disposing">Réservé à un usage interne Microsoft.</param>
    </member>
    <member name="M:Microsoft.Data.Entity.Design.VisualStudio.SingleFileGenerator.BaseCodeGenerator.Finalize">
      <summary>Réservé à un usage interne Microsoft.</summary>
    </member>
    <member name="M:Microsoft.Data.Entity.Design.VisualStudio.SingleFileGenerator.BaseCodeGenerator.Generate(System.String,System.String,System.String,System.IntPtr[],System.UInt32@,Microsoft.VisualStudio.Shell.Interop.IVsGeneratorProgress)">
      <summary>Réservé à un usage interne Microsoft.</summary>
      <returns>Réservé à un usage interne Microsoft.</returns>
      <param name="wszInputFilePath">Réservé à un usage interne Microsoft.</param>
      <param name="bstrInputFileContents">Réservé à un usage interne Microsoft.</param>
      <param name="wszDefaultNamespace">Réservé à un usage interne Microsoft.</param>
      <param name="rgbOutputFileContents">Réservé à un usage interne Microsoft.</param>
      <param name="pcbOutput">Réservé à un usage interne Microsoft.</param>
      <param name="pGenerateProgress">Réservé à un usage interne Microsoft.</param>
    </member>
    <member name="M:Microsoft.Data.Entity.Design.VisualStudio.SingleFileGenerator.BaseCodeGenerator.GenerateCode(System.String,System.String,System.String)">
      <summary>Réservé à un usage interne Microsoft.</summary>
      <returns>Réservé à un usage interne Microsoft.</returns>
      <param name="inputFileName">Réservé à un usage interne Microsoft.</param>
      <param name="inputFileContent">Réservé à un usage interne Microsoft.</param>
      <param name="defaultNamespace">Réservé à un usage interne Microsoft.</param>
    </member>
    <member name="M:Microsoft.Data.Entity.Design.VisualStudio.SingleFileGenerator.BaseCodeGenerator.GeneratorErrorCallback(System.Boolean,System.Int32,System.String,System.Int32,System.Int32)">
      <summary>Réservé à un usage interne Microsoft.</summary>
      <param name="warning">Réservé à un usage interne Microsoft.</param>
      <param name="level">Réservé à un usage interne Microsoft.</param>
      <param name="message">Réservé à un usage interne Microsoft.</param>
      <param name="line">Réservé à un usage interne Microsoft.</param>
      <param name="column">Réservé à un usage interne Microsoft.</param>
    </member>
    <member name="T:Microsoft.Data.Entity.Design.VisualStudio.SingleFileGenerator.BaseCodeGeneratorWithSite">
      <summary>Réservé à un usage interne Microsoft.</summary>
    </member>
    <member name="M:Microsoft.Data.Entity.Design.VisualStudio.SingleFileGenerator.BaseCodeGeneratorWithSite.#ctor">
      <summary>Réservé à un usage interne Microsoft.</summary>
    </member>
    <member name="P:Microsoft.Data.Entity.Design.VisualStudio.SingleFileGenerator.BaseCodeGeneratorWithSite.CodeProvider">
      <summary>Réservé à un usage interne Microsoft.</summary>
      <returns>Réservé à un usage interne Microsoft.</returns>
    </member>
    <member name="M:Microsoft.Data.Entity.Design.VisualStudio.SingleFileGenerator.BaseCodeGeneratorWithSite.Dispose(System.Boolean)">
      <summary>Réservé à un usage interne Microsoft.</summary>
      <param name="disposing">Réservé à un usage interne Microsoft.</param>
    </member>
    <member name="P:Microsoft.Data.Entity.Design.VisualStudio.SingleFileGenerator.BaseCodeGeneratorWithSite.ErrorList">
      <summary>Réservé à un usage interne Microsoft.</summary>
      <returns>Réservé à un usage interne Microsoft.</returns>
    </member>
    <member name="M:Microsoft.Data.Entity.Design.VisualStudio.SingleFileGenerator.BaseCodeGeneratorWithSite.GetService(System.Type)">
      <summary>Réservé à un usage interne Microsoft.</summary>
      <returns>Réservé à un usage interne Microsoft.</returns>
      <param name="serviceType">Réservé à un usage interne Microsoft.</param>
    </member>
    <member name="M:Microsoft.Data.Entity.Design.VisualStudio.SingleFileGenerator.BaseCodeGeneratorWithSite.GetSite(System.Guid@,System.IntPtr@)">
      <summary>Réservé à un usage interne Microsoft.</summary>
      <param name="riid">Réservé à un usage interne Microsoft.</param>
      <param name="ppvSite">Réservé à un usage interne Microsoft.</param>
    </member>
    <member name="P:Microsoft.Data.Entity.Design.VisualStudio.SingleFileGenerator.BaseCodeGeneratorWithSite.Project">
      <summary>Réservé à un usage interne Microsoft.</summary>
      <returns>Réservé à un usage interne Microsoft.</returns>
    </member>
    <member name="P:Microsoft.Data.Entity.Design.VisualStudio.SingleFileGenerator.BaseCodeGeneratorWithSite.ProjectItem">
      <summary>Réservé à un usage interne Microsoft.</summary>
      <returns>Réservé à un usage interne Microsoft.</returns>
    </member>
    <member name="M:Microsoft.Data.Entity.Design.VisualStudio.SingleFileGenerator.BaseCodeGeneratorWithSite.SetSite(System.Object)">
      <summary>Réservé à un usage interne Microsoft.</summary>
      <param name="pUnkSite">Réservé à un usage interne Microsoft.</param>
    </member>
    <member name="P:Microsoft.Data.Entity.Design.VisualStudio.SingleFileGenerator.BaseCodeGeneratorWithSite.SiteServiceProvider">
      <summary>Réservé à un usage interne Microsoft.</summary>
      <returns>Réservé à un usage interne Microsoft.</returns>
    </member>
    <member name="T:Microsoft.Data.Entity.Design.VisualStudio.SingleFileGenerator.EntityModelCodeGenerator">
      <summary>Réservé à un usage interne Microsoft.</summary>
    </member>
    <member name="M:Microsoft.Data.Entity.Design.VisualStudio.SingleFileGenerator.EntityModelCodeGenerator.#ctor">
      <summary>Réservé à un usage interne Microsoft.</summary>
    </member>
    <member name="M:Microsoft.Data.Entity.Design.VisualStudio.SingleFileGenerator.EntityModelCodeGenerator.AddNameOfItemToBeRenamed(System.UInt32,System.String)">
      <summary>Réservé à un usage interne Microsoft.</summary>
      <param name="itemId">Réservé à un usage interne Microsoft.</param>
      <param name="oldInputName">Réservé à un usage interne Microsoft.</param>
    </member>
    <member name="F:Microsoft.Data.Entity.Design.VisualStudio.SingleFileGenerator.EntityModelCodeGenerator.CodeGenToolName">
      <summary>Réservé à un usage interne Microsoft.</summary>
    </member>
    <member name="P:Microsoft.Data.Entity.Design.VisualStudio.SingleFileGenerator.EntityModelCodeGenerator.DefaultExtensionString">
      <summary>Réservé à un usage interne Microsoft.</summary>
      <returns>Réservé à un usage interne Microsoft.</returns>
    </member>
    <member name="M:Microsoft.Data.Entity.Design.VisualStudio.SingleFileGenerator.EntityModelCodeGenerator.GenerateCode(System.String,System.String,System.String)">
      <summary>Réservé à un usage interne Microsoft.</summary>
      <returns>Réservé à un usage interne Microsoft.</returns>
      <param name="inputFileName">Réservé à un usage interne Microsoft.</param>
      <param name="inputFileContent">Réservé à un usage interne Microsoft.</param>
      <param name="defaultNamespace">Réservé à un usage interne Microsoft.</param>
    </member>
    <member name="T:Microsoft.Data.Entity.Design.VisualStudio.TextTemplating.TemplateActivity">
      <summary>Fournit les fonctionnalités relatives à la transformation des modèles de texte dans un Windows Workflow.</summary>
    </member>
    <member name="M:Microsoft.Data.Entity.Design.VisualStudio.TextTemplating.TemplateActivity.#ctor">
      <summary>Crée une instance de la classe <see cref="T:Microsoft.Data.Entity.Design.VisualStudio.TextTemplating.TemplateActivity" />.</summary>
    </member>
    <member name="M:Microsoft.Data.Entity.Design.VisualStudio.TextTemplating.TemplateActivity.Execute(System.Activities.NativeActivityContext)">
      <summary>Transforme un modèle de texte spécifié dans la propriété <see cref="P:Microsoft.Data.Entity.Design.VisualStudio.TextTemplating.TemplateActivity.TemplatePath" /> en appelant le STextTemplatingService de Visual Studio. </summary>
      <param name="context">État de l'activité en cours.</param>
    </member>
    <member name="M:Microsoft.Data.Entity.Design.VisualStudio.TextTemplating.TemplateActivity.OnGetTemplateInputs(System.Activities.NativeActivityContext,System.Collections.Generic.IDictionary{System.String,System.Object})">
      <summary>Remplit un objet <see cref="T:System.Collections.IDictionary" /> utilisé pour fournir des entrées à un modèle de texte.Cette méthode peut être substituée dans les classes dérivées pour fournir des entrées personnalisées.Ces entrées sont placées dans CallContext pour être utilisées par le modèle de texte.</summary>
      <param name="context">État de l'activité en cours.</param>
      <param name="inputs">Dictionnaire qui lie les noms d'entrées aux valeurs d'entrée pour permettre leur utilisation par un modèle de texte.</param>
    </member>
    <member name="M:Microsoft.Data.Entity.Design.VisualStudio.TextTemplating.TemplateActivity.ProcessTemplate(System.String)">
      <summary>Traite un modèle de texte en utilisant STextTemplatingService dans Visual Studio.</summary>
      <returns>Sortie du modèle de texte générée par l'appel de laméthode <see cref="M:Microsoft.VisualStudio.TextTemplating.VSHost.ITextTemplating.ProcessTemplate(System.String,System.String,Microsoft.VisualStudio.TextTemplating.VSHost.ITextTemplatingCallback,System.Object)" />.</returns>
      <param name="templatePath">Chemin d'accès du modèle de texte à traiter.</param>
    </member>
    <member name="P:Microsoft.Data.Entity.Design.VisualStudio.TextTemplating.TemplateActivity.TemplateOutput">
      <summary>Sortie du modèle spécifié par la propriété <see cref="P:Microsoft.Data.Entity.Design.VisualStudio.TextTemplating.TemplateActivity.TemplatePath" />.</summary>
      <returns>Sortie du modèle spécifié par la propriété <see cref="P:Microsoft.Data.Entity.Design.VisualStudio.TextTemplating.TemplateActivity.TemplatePath" />.</returns>
    </member>
    <member name="P:Microsoft.Data.Entity.Design.VisualStudio.TextTemplating.TemplateActivity.TemplatePath">
      <summary>Chemin d'accès du modèle de texte traité.</summary>
      <returns>Chemin d'accès du modèle de texte traité.</returns>
    </member>
  </members>
</doc>