﻿<?xml version="1.0" encoding="utf-8"?>
<doc>
  <assembly>
    <name>Microsoft.Data.Entity.Design.Extensibility</name>
  </assembly>
  <members>
    <member name="T:Microsoft.Data.Entity.Design.Extensibility.EntityDesignerChangeScope">
      <summary>Crée une unité de travail qui peut être annulée ou rétablie avec les boutons Annuler et Rétablir dans Visual Studio.</summary>
    </member>
    <member name="M:Microsoft.Data.Entity.Design.Extensibility.EntityDesignerChangeScope.#ctor">
      <summary>Instancie une nouvelle instance de <see cref="T:Microsoft.Data.Entity.Design.Extensibility.EntityDesignerChangeScope" />.</summary>
    </member>
    <member name="M:Microsoft.Data.Entity.Design.Extensibility.EntityDesignerChangeScope.Complete">
      <summary>Valide toutes les opérations dans une modification d'étendue.</summary>
    </member>
    <member name="M:Microsoft.Data.Entity.Design.Extensibility.EntityDesignerChangeScope.Dispose">
      <summary>Libère toutes les ressources utilisées par l'instance actuelle de la classe <see cref="T:Microsoft.Data.Entity.Design.Extensibility.EntityDesignerChangeScope" />.</summary>
    </member>
    <member name="T:Microsoft.Data.Entity.Design.Extensibility.EntityDesignerExtendedPropertyAttribute">
      <summary>Spécifie des objets dans Entity Data Model Designer ou l'explorateur de modèles qui, lorsqu'ils sont sélectionnés par un utilisateur, provoquent l'appel de la méthode <see cref="M:Microsoft.Data.Entity.Design.Extensibility.IEntityDesignerExtendedProperty.CreateProperty(System.Xml.Linq.XElement,Microsoft.Data.Entity.Design.Extensibility.PropertyExtensionContext)" /> de la classe annotée.</summary>
    </member>
    <member name="M:Microsoft.Data.Entity.Design.Extensibility.EntityDesignerExtendedPropertyAttribute.#ctor(Microsoft.Data.Entity.Design.Extensibility.EntityDesignerSelection)">
      <summary>Instancie une nouvelle instance de la  <see cref="T:Microsoft.Data.Entity.Design.Extensibility.EntityDesignerExtendedPropertyAttribute" /> classe. </summary>
      <param name="entityDesignerSelection">L' objet dans le concepteur de modèles de données d'entité 4ccd7ad6-b934-4f7c-82a0-cfd2d4a95faf ou le 94e836e8-a5ea-47ff-aa3e-599d8a02ebfd modèle de navigateur qui, lorsque sélectionné par un utilisateur, déclenche l'appel de la  <see cref="M:Microsoft.Data.Entity.Design.Extensibility.IEntityDesignerExtendedProperty.CreateProperty" /> méthode. </param>
    </member>
    <member name="P:Microsoft.Data.Entity.Design.Extensibility.EntityDesignerExtendedPropertyAttribute.EntityDesignerSelection">
      <summary>Objet dans Entity Data Model Designer ou l'explorateur de modèles qui, lorsqu'il est sélectionné par un utilisateur, déclenche l'appel de la méthode <see cref="M:Microsoft.Data.Entity.Design.Extensibility.IEntityDesignerExtendedProperty.CreateProperty" />.</summary>
      <returns>Objet dans Entity Data Model Designer qui, lorsqu'il est sélectionné, déclenche l'appel de la méthode <see cref="M:Microsoft.Data.Entity.Design.Extensibility.IEntityDesignerExtendedProperty.CreateProperty" />.</returns>
    </member>
    <member name="T:Microsoft.Data.Entity.Design.Extensibility.EntityDesignerSelection">
      <summary>Énumération utilisée pour indiquer les types d'objets qui, lorsqu'ils sont sélectionnés dans Entity Data Model Designer ou l'explorateur de modèles, provoquent l'appel de la méthode <see cref="M:Microsoft.Data.Entity.Design.Extensibility.IEntityDesignerExtendedProperty.CreateProperty(System.Xml.Linq.XElement,Microsoft.Data.Entity.Design.Extensibility.PropertyExtensionContext)" /> de la classe annotée.</summary>
    </member>
    <member name="F:Microsoft.Data.Entity.Design.Extensibility.EntityDesignerSelection.DesignerSurface">
      <summary>Spécifie que la méthode <see cref="M:Microsoft.Data.Entity.Design.Extensibility.IEntityDesignerExtendedProperty.CreateProperty(System.Xml.Linq.XElement,Microsoft.Data.Entity.Design.Extensibility.PropertyExtensionContext)" /> doit être appelée lorsque l'aire du concepteur Entity Data Model est sélectionnée dans Entity Data Model Designer.</summary>
    </member>
    <member name="F:Microsoft.Data.Entity.Design.Extensibility.EntityDesignerSelection.ConceptualModelEntitySet">
      <summary>Spécifie que la méthode <see cref="M:Microsoft.Data.Entity.Design.Extensibility.IEntityDesignerExtendedProperty.CreateProperty(System.Xml.Linq.XElement,Microsoft.Data.Entity.Design.Extensibility.PropertyExtensionContext)" /> doit être appelée lorsqu'un jeu d'entités de modèle conceptuel est sélectionné dans l'explorateur de modèles.</summary>
    </member>
    <member name="F:Microsoft.Data.Entity.Design.Extensibility.EntityDesignerSelection.ConceptualModelAssociationSet">
      <summary>Spécifie que la méthode <see cref="M:Microsoft.Data.Entity.Design.Extensibility.IEntityDesignerExtendedProperty.CreateProperty(System.Xml.Linq.XElement,Microsoft.Data.Entity.Design.Extensibility.PropertyExtensionContext)" /> doit être appelée lorsqu'un ensemble d'associations de modèle conceptuel est sélectionné dans l'explorateur de modèles.</summary>
    </member>
    <member name="F:Microsoft.Data.Entity.Design.Extensibility.EntityDesignerSelection.ConceptualModelEntityContainer">
      <summary>Spécifie que la méthode <see cref="M:Microsoft.Data.Entity.Design.Extensibility.IEntityDesignerExtendedProperty.CreateProperty(System.Xml.Linq.XElement,Microsoft.Data.Entity.Design.Extensibility.PropertyExtensionContext)" /> doit être appelée lorsqu'un conteneur d'entités de modèle conceptuel est sélectionné dans l'explorateur de modèles.</summary>
    </member>
    <member name="F:Microsoft.Data.Entity.Design.Extensibility.EntityDesignerSelection.ConceptualModelEntityType">
      <summary>Spécifie que la méthode <see cref="M:Microsoft.Data.Entity.Design.Extensibility.IEntityDesignerExtendedProperty.CreateProperty(System.Xml.Linq.XElement,Microsoft.Data.Entity.Design.Extensibility.PropertyExtensionContext)" /> doit être appelée lorsqu'un type d'entité de modèle conceptuel est sélectionné dans Entity Data Model Designer ou l'explorateur de modèles.</summary>
    </member>
    <member name="F:Microsoft.Data.Entity.Design.Extensibility.EntityDesignerSelection.ConceptualModelProperty">
      <summary>Spécifie que la méthode <see cref="M:Microsoft.Data.Entity.Design.Extensibility.IEntityDesignerExtendedProperty.CreateProperty(System.Xml.Linq.XElement,Microsoft.Data.Entity.Design.Extensibility.PropertyExtensionContext)" /> doit être appelée lorsqu'une propriété de modèle conceptuel est sélectionnée dans Entity Data Model Designer ou l'explorateur de modèles.</summary>
    </member>
    <member name="F:Microsoft.Data.Entity.Design.Extensibility.EntityDesignerSelection.ConceptualModelNavigationProperty">
      <summary>Spécifie que la méthode <see cref="M:Microsoft.Data.Entity.Design.Extensibility.IEntityDesignerExtendedProperty.CreateProperty(System.Xml.Linq.XElement,Microsoft.Data.Entity.Design.Extensibility.PropertyExtensionContext)" /> doit être appelée lorsqu'une propriété de navigation de modèle conceptuel est sélectionnée dans Entity Data Model Designer ou l'explorateur de modèles.</summary>
    </member>
    <member name="F:Microsoft.Data.Entity.Design.Extensibility.EntityDesignerSelection.ConceptualModelAssociation">
      <summary>Spécifie que la méthode <see cref="M:Microsoft.Data.Entity.Design.Extensibility.IEntityDesignerExtendedProperty.CreateProperty(System.Xml.Linq.XElement,Microsoft.Data.Entity.Design.Extensibility.PropertyExtensionContext)" /> doit être appelée lorsqu'une association de modèle conceptuel est sélectionnée dans Entity Data Model Designer ou l'explorateur de modèles.</summary>
    </member>
    <member name="F:Microsoft.Data.Entity.Design.Extensibility.EntityDesignerSelection.ConceptualModelComplexType">
      <summary>Spécifie que la méthode <see cref="M:Microsoft.Data.Entity.Design.Extensibility.IEntityDesignerExtendedProperty.CreateProperty(System.Xml.Linq.XElement,Microsoft.Data.Entity.Design.Extensibility.PropertyExtensionContext)" /> doit être appelée lorsqu'un type complexe de modèle conceptuel est sélectionné dans Entity Data Model Designer ou l'explorateur de modèles.</summary>
    </member>
    <member name="F:Microsoft.Data.Entity.Design.Extensibility.EntityDesignerSelection.ConceptualModelComplexProperty">
      <summary>Spécifie que la méthode <see cref="M:Microsoft.Data.Entity.Design.Extensibility.IEntityDesignerExtendedProperty.CreateProperty(System.Xml.Linq.XElement,Microsoft.Data.Entity.Design.Extensibility.PropertyExtensionContext)" /> doit être appelée lorsqu'une propriété complexe de modèle conceptuel est sélectionnée dans l'explorateur de modèles.</summary>
    </member>
    <member name="F:Microsoft.Data.Entity.Design.Extensibility.EntityDesignerSelection.ConceptualModelFunctionImport">
      <summary>Spécifie que la méthode <see cref="M:Microsoft.Data.Entity.Design.Extensibility.IEntityDesignerExtendedProperty.CreateProperty(System.Xml.Linq.XElement,Microsoft.Data.Entity.Design.Extensibility.PropertyExtensionContext)" /> doit être appelée lorsqu'une importation de fonction de modèle conceptuel est sélectionnée dans l'explorateur de modèles.</summary>
    </member>
    <member name="F:Microsoft.Data.Entity.Design.Extensibility.EntityDesignerSelection.ConceptualModelFunctionImportParameter">
      <summary>Spécifie que la méthode <see cref="M:Microsoft.Data.Entity.Design.Extensibility.IEntityDesignerExtendedProperty.CreateProperty(System.Xml.Linq.XElement,Microsoft.Data.Entity.Design.Extensibility.PropertyExtensionContext)" /> doit être appelée lorsqu'un paramètre d'importation de fonction de modèle conceptuel est sélectionné dans l'explorateur de modèles.</summary>
    </member>
    <member name="F:Microsoft.Data.Entity.Design.Extensibility.EntityDesignerSelection.StorageModelEntityContainer">
      <summary>Spécifie que la méthode <see cref="M:Microsoft.Data.Entity.Design.Extensibility.IEntityDesignerExtendedProperty.CreateProperty(System.Xml.Linq.XElement,Microsoft.Data.Entity.Design.Extensibility.PropertyExtensionContext)" /> doit être appelée lorsqu'un conteneur d'entités de modèle de stockage est sélectionné dans l'explorateur de modèles.</summary>
    </member>
    <member name="F:Microsoft.Data.Entity.Design.Extensibility.EntityDesignerSelection.StorageModelEntityType">
      <summary>Spécifie que la méthode <see cref="M:Microsoft.Data.Entity.Design.Extensibility.IEntityDesignerExtendedProperty.CreateProperty(System.Xml.Linq.XElement,Microsoft.Data.Entity.Design.Extensibility.PropertyExtensionContext)" /> doit être appelée lorsqu'un type d'entité de modèle de stockage est sélectionné dans l'explorateur de modèles.</summary>
    </member>
    <member name="F:Microsoft.Data.Entity.Design.Extensibility.EntityDesignerSelection.StorageModelProperty">
      <summary>Spécifie que la méthode <see cref="M:Microsoft.Data.Entity.Design.Extensibility.IEntityDesignerExtendedProperty.CreateProperty(System.Xml.Linq.XElement,Microsoft.Data.Entity.Design.Extensibility.PropertyExtensionContext)" /> doit être appelée lorsqu'une propriété de modèle de stockage est sélectionnée dans l'explorateur de modèles.</summary>
    </member>
    <member name="F:Microsoft.Data.Entity.Design.Extensibility.EntityDesignerSelection.StorageModelAssociation">
      <summary>Spécifie que la méthode <see cref="M:Microsoft.Data.Entity.Design.Extensibility.IEntityDesignerExtendedProperty.CreateProperty(System.Xml.Linq.XElement,Microsoft.Data.Entity.Design.Extensibility.PropertyExtensionContext)" /> doit être appelée lorsqu'une association de modèle de stockage est sélectionnée dans l'explorateur de modèles.</summary>
    </member>
    <member name="F:Microsoft.Data.Entity.Design.Extensibility.EntityDesignerSelection.StorageModelFunction">
      <summary>Spécifie que la méthode <see cref="M:Microsoft.Data.Entity.Design.Extensibility.IEntityDesignerExtendedProperty.CreateProperty(System.Xml.Linq.XElement,Microsoft.Data.Entity.Design.Extensibility.PropertyExtensionContext)" /> doit être appelée lorsqu'une fonction de modèle de stockage est sélectionnée dans l'explorateur de modèles.</summary>
    </member>
    <member name="F:Microsoft.Data.Entity.Design.Extensibility.EntityDesignerSelection.StorageModelFunctionParameter">
      <summary>Spécifie que la méthode <see cref="M:Microsoft.Data.Entity.Design.Extensibility.IEntityDesignerExtendedProperty.CreateProperty(System.Xml.Linq.XElement,Microsoft.Data.Entity.Design.Extensibility.PropertyExtensionContext)" /> doit être appelée lorsqu'un paramètre de fonction de modèle de stockage est sélectionné dans l'explorateur de modèles.</summary>
    </member>
    <member name="T:Microsoft.Data.Entity.Design.Extensibility.ExtensionContext">
      <summary>Classe de base des classes <see cref="T:Microsoft.Data.Entity.Design.Extensibility.ModelGenerationExtensionContext" />, <see cref="T:Microsoft.Data.Entity.Design.Extensibility.PropertyExtensionContext" />, <see cref="T:Microsoft.Data.Entity.Design.Extensibility.ModelTransformExtensionContext" /> et <see cref="T:Microsoft.Data.Entity.Design.Extensibility.ModelConversionExtensionContext" />.</summary>
    </member>
    <member name="M:Microsoft.Data.Entity.Design.Extensibility.ExtensionContext.#ctor">
      <summary>Instancie une nouvelle instance de  <see cref="M:Microsoft.Data.Entity.Design.Extensibility.ExtensionContext" />.</summary>
    </member>
    <member name="P:Microsoft.Data.Entity.Design.Extensibility.ExtensionContext.EntityFrameworkVersion">
      <summary>Version ciblée d'Entity Framework.</summary>
      <returns>Version ciblée d'Entity Framework.</returns>
    </member>
    <member name="P:Microsoft.Data.Entity.Design.Extensibility.ExtensionContext.Project">
      <summary>Projet Visual Studio actuel.</summary>
      <returns>Projet Visual Studio actuel.</returns>
    </member>
    <member name="T:Microsoft.Data.Entity.Design.Extensibility.ExtensionError">
      <summary>Encapsule des informations personnalisées sur l'erreur pour les extensions Visual Studio qui étendent les fonctionnalités de Entity Data Model Designer.</summary>
    </member>
    <member name="M:Microsoft.Data.Entity.Design.Extensibility.ExtensionError.#ctor(System.String,System.Int32,Microsoft.Data.Entity.Design.Extensibility.ExtensionErrorSeverity)">
      <summary>Instancie une nouvelle instance de <see cref="T:Microsoft.Data.Entity.Design.Extensibility.ExtensionError" />.</summary>
      <param name="message">Message décrivant l'erreur.</param>
      <param name="errorCode">Code d'erreur associé à l'erreur.</param>
      <param name="severity">Gravité de l'erreur.</param>
    </member>
    <member name="M:Microsoft.Data.Entity.Design.Extensibility.ExtensionError.#ctor(System.String,System.Int32,Microsoft.Data.Entity.Design.Extensibility.ExtensionErrorSeverity,System.Int32,System.Int32)">
      <summary>Instancie une nouvelle instance de <see cref="T:Microsoft.Data.Entity.Design.Extensibility.ExtensionError" />.</summary>
      <param name="message">Message décrivant l'erreur.</param>
      <param name="errorCode">Code d'erreur associé à l'erreur.</param>
      <param name="severity">Gravité de l'erreur.</param>
      <param name="line">Ligne du document d'entrée ou de sortie dans laquelle l'erreur s'est produite.</param>
      <param name="column">Colonne du document d'entrée ou de sortie dans laquelle l'erreur s'est produite.</param>
    </member>
    <member name="P:Microsoft.Data.Entity.Design.Extensibility.ExtensionError.Column">
      <summary>Colonne du document d'entrée ou de sortie dans laquelle l'erreur s'est produite.</summary>
      <returns>Colonne du document d'entrée ou de sortie dans laquelle l'erreur s'est produite.</returns>
    </member>
    <member name="P:Microsoft.Data.Entity.Design.Extensibility.ExtensionError.ErrorCode">
      <summary>Code d'erreur associé à l'erreur.</summary>
      <returns>Code d'erreur associé à l'erreur.</returns>
    </member>
    <member name="P:Microsoft.Data.Entity.Design.Extensibility.ExtensionError.Line">
      <summary>Ligne du document d'entrée ou de sortie dans laquelle l'erreur s'est produite.</summary>
      <returns>Ligne du document d'entrée ou de sortie dans laquelle l'erreur s'est produite.</returns>
    </member>
    <member name="P:Microsoft.Data.Entity.Design.Extensibility.ExtensionError.Message">
      <summary>Message décrivant l'erreur.</summary>
      <returns>Message décrivant l'erreur.</returns>
    </member>
    <member name="P:Microsoft.Data.Entity.Design.Extensibility.ExtensionError.Severity">
      <summary>Gravité de l'erreur.</summary>
      <returns>Gravité de l'erreur.</returns>
    </member>
    <member name="T:Microsoft.Data.Entity.Design.Extensibility.ExtensionErrorSeverity">
      <summary>Énumération qui décrit la gravité d'une <see cref="T:Microsoft.Data.Entity.Design.Extensibility.ExtensionError" />.</summary>
    </member>
    <member name="F:Microsoft.Data.Entity.Design.Extensibility.ExtensionErrorSeverity.Warning">
      <summary>Indique que la gravité de <see cref="T:Microsoft.Data.Entity.Design.Extensibility.ExtensionError" /> est Avertissement.Un <see cref="T:Microsoft.Data.Entity.Design.Extensibility.ExtensionError" /> avec cette gravité s'affiche dans la Liste d'erreurs Visual Studio en tant qu'avertissement.</summary>
    </member>
    <member name="F:Microsoft.Data.Entity.Design.Extensibility.ExtensionErrorSeverity.Error">
      <summary>Indique que la gravité de <see cref="T:Microsoft.Data.Entity.Design.Extensibility.ExtensionError" /> est Erreur.Un <see cref="T:Microsoft.Data.Entity.Design.Extensibility.ExtensionError" /> avec cette gravité s'affiche dans la Liste d'erreurs Visual Studio en tant qu'erreur.</summary>
    </member>
    <member name="F:Microsoft.Data.Entity.Design.Extensibility.ExtensionErrorSeverity.Message">
      <summary>Indique que la gravité de <see cref="T:Microsoft.Data.Entity.Design.Extensibility.ExtensionError" /> est Message.Un <see cref="T:Microsoft.Data.Entity.Design.Extensibility.ExtensionError" /> avec cette gravité s'affiche dans la Liste d'erreurs Visual Studio en tant que message.</summary>
    </member>
    <member name="T:Microsoft.Data.Entity.Design.Extensibility.IEntityDesignerExtendedProperty">
      <summary>Expose des méthodes pour l'ajout de propriétés aux objets qui sont visibles à un utilisateur dans Entity Data Model Designer ou l'explorateur de modèles.</summary>
    </member>
    <member name="M:Microsoft.Data.Entity.Design.Extensibility.IEntityDesignerExtendedProperty.CreateProperty(System.Xml.Linq.XElement,Microsoft.Data.Entity.Design.Extensibility.PropertyExtensionContext)">
      <summary>Crée une propriété pour un objet sélectionné dans Entity Data Model Designer ou l'explorateur de modèles.</summary>
      <returns>Objet dont les propriétés publiques sont affichées dans la fenêtre Propriétés Visual Studio.Pour plus d'informations, consultez <see cref="T:System.Windows.Forms.PropertyGrid" />.</returns>
      <param name="xElement">L'élément dans le fichier .edmx qui définit l' objet sélectionné dans le concepteur de modèles de données d'entité 4ccd7ad6-b934-4f7c-82a0-cfd2d4a95faf ou le navigateur du modèle 94e836e8-a5ea-47ff-aa3e-599d8a02ebfd </param>
      <param name="context">Fournit le fichier et informations sur le projet Visual Studio. </param>
    </member>
    <member name="T:Microsoft.Data.Entity.Design.Extensibility.IModelConversionExtension">
      <summary>Expose des méthodes pour la conversion d'un format de fichier personnalisé vers et depuis le format de fichier .edmx qui est lisible par Entity Data Model Designer.</summary>
    </member>
    <member name="M:Microsoft.Data.Entity.Design.Extensibility.IModelConversionExtension.OnAfterFileLoaded(Microsoft.Data.Entity.Design.Extensibility.ModelConversionExtensionContext)">
      <summary>Définit des fonctionnalités personnalisées pour le chargement d'un fichier avec un format personnalisé et sa conversion au format .edmx.</summary>
      <param name="context">Fournit des informations sur les fichiers et projets Visual Studio.</param>
    </member>
    <member name="M:Microsoft.Data.Entity.Design.Extensibility.IModelConversionExtension.OnBeforeFileSaved(Microsoft.Data.Entity.Design.Extensibility.ModelConversionExtensionContext)">
      <summary>Définit des fonctionnalités personnalisées pour la conversion d'un fichier .edmx en un fichier avec un format personnalisé avant que le fichier ne soit enregistré.</summary>
      <param name="context">Fournit des informations sur les fichiers et projets Visual Studio.</param>
    </member>
    <member name="T:Microsoft.Data.Entity.Design.Extensibility.IModelGenerationExtension">
      <summary>Expose des méthodes pour la personnalisation de la génération de fichiers .edmx.</summary>
    </member>
    <member name="M:Microsoft.Data.Entity.Design.Extensibility.IModelGenerationExtension.OnAfterModelGenerated(Microsoft.Data.Entity.Design.Extensibility.ModelGenerationExtensionContext)">
      <summary>Définit des fonctionnalités personnalisées exécutées après qu'un fichier .edmx a été généré par l'Assistant EDM.</summary>
      <param name="context">Fournit des informations sur les fichiers et projets Visual Studio.</param>
    </member>
    <member name="M:Microsoft.Data.Entity.Design.Extensibility.IModelGenerationExtension.OnAfterModelUpdated(Microsoft.Data.Entity.Design.Extensibility.UpdateModelExtensionContext)">
      <summary>Définit des fonctionnalités exécutées après qu'un fichier .edmx a été mis à jour par l'Assistant Mise à jour du modèle.</summary>
      <param name="context">Fournit des informations sur les fichiers et projets Visual Studio.</param>
    </member>
    <member name="T:Microsoft.Data.Entity.Design.Extensibility.IModelTransformExtension">
      <summary>Expose des méthodes pour l'extension des processus de chargement et d'enregistrement de fichiers .edmx.</summary>
    </member>
    <member name="M:Microsoft.Data.Entity.Design.Extensibility.IModelTransformExtension.OnAfterModelLoaded(Microsoft.Data.Entity.Design.Extensibility.ModelTransformExtensionContext)">
      <summary>Définit des fonctionnalités pour l'extension du processus par lequel un fichier .edmx est chargé par Entity Data Model Designer.</summary>
      <param name="context">Fournit des informations sur les fichiers et projets Visual Studio.</param>
    </member>
    <member name="M:Microsoft.Data.Entity.Design.Extensibility.IModelTransformExtension.OnBeforeModelSaved(Microsoft.Data.Entity.Design.Extensibility.ModelTransformExtensionContext)">
      <summary>Définit des fonctionnalités pour l'extension du processus par lequel un fichier .edmx est enregistré par Entity Data Model Designer.</summary>
      <param name="context">Fournit des informations sur les fichiers et projets Visual Studio.</param>
    </member>
    <member name="T:Microsoft.Data.Entity.Design.Extensibility.ModelConversionExtensionContext">
      <summary>Fournit des informations sur les fichiers et projets aux extensions Visual Studio qui permettent le chargement et l'enregistrement de formats de fichiers personnalisés.</summary>
    </member>
    <member name="M:Microsoft.Data.Entity.Design.Extensibility.ModelConversionExtensionContext.#ctor">
      <summary>Crée une instance de la classe <see cref="T:Microsoft.Data.Entity.Design.Extensibility.ModelConversionExtensionContext" />.</summary>
    </member>
    <member name="P:Microsoft.Data.Entity.Design.Extensibility.ModelConversionExtensionContext.CurrentDocument">
      <summary>Retourne le document .edmx après qu'il a été converti à partir d'un format de fichier personnalisé.</summary>
      <returns>Document .edmx après qu'il a été converti à partir d'un format de fichier personnalisé.</returns>
    </member>
    <member name="P:Microsoft.Data.Entity.Design.Extensibility.ModelConversionExtensionContext.Errors">
      <summary>Liste des erreurs qui peuvent être affichées dans la Liste d'erreurs Visual Studio lors du chargement d'un format de fichier personnalisé et de sa conversion en un format de fichier personnalisé.</summary>
      <returns>Liste des erreurs qui peuvent être affichées dans la Liste d'erreurs Visual Studio lors du chargement d'un format de fichier personnalisé et de sa conversion en un format de fichier personnalisé.</returns>
    </member>
    <member name="P:Microsoft.Data.Entity.Design.Extensibility.ModelConversionExtensionContext.FileInfo">
      <summary>Retourne des informations sur le fichier personnalisé qui est traité par Entity Data Model Designer.</summary>
      <returns>Informations sur le fichier personnalisé qui est traité par Entity Data Model Designer.</returns>
    </member>
    <member name="P:Microsoft.Data.Entity.Design.Extensibility.ModelConversionExtensionContext.OriginalDocument">
      <summary>Retourne le document d'origine tel qu'il a été ouvert ou enregistré par le Concepteur d'entités.</summary>
      <returns>Document d'origine tel qu'il a été ouvert ou enregistré par le Concepteur d'entités.</returns>
    </member>
    <member name="P:Microsoft.Data.Entity.Design.Extensibility.ModelConversionExtensionContext.ProjectItem">
      <summary>Élément de projet Visual Studio actuel.</summary>
      <returns>Élément de projet Visual Studio actuel.</returns>
    </member>
    <member name="T:Microsoft.Data.Entity.Design.Extensibility.ModelFileExtensionAttribute">
      <summary>Spécifie une extension de fichier personnalisé qui peut être chargée ou enregistrée par Entity Data Model Designer.</summary>
    </member>
    <member name="M:Microsoft.Data.Entity.Design.Extensibility.ModelFileExtensionAttribute.#ctor(System.String)">
      <summary>Crée une instance de la classe <see cref="T:Microsoft.Data.Entity.Design.Extensibility.ModelFileExtensionAttribute" />.</summary>
      <param name="fileExtension">L' extension des fichiers personnalisés qui peuvent être chargées et enregistré par le concepteur de modèles de données d'entité 4ccd7ad6-b934-4f7c-82a0-cfd2d4a95faf.</param>
    </member>
    <member name="P:Microsoft.Data.Entity.Design.Extensibility.ModelFileExtensionAttribute.FileExtension">
      <summary>Extension de fichier pour les fichiers personnalisés qui peuvent être chargés et enregistrés par Entity Data Model Designer.</summary>
      <returns>Extension de fichier pour les fichiers personnalisés qui peuvent être chargés et enregistrés par Entity Data Model Designer.</returns>
    </member>
    <member name="T:Microsoft.Data.Entity.Design.Extensibility.ModelGenerationExtensionContext">
      <summary>Fournit des informations sur les fichiers et projets aux extensions Visual Studio qui étendent le processus de génération de fichiers .edmx de l'Assistant EDM.</summary>
    </member>
    <member name="M:Microsoft.Data.Entity.Design.Extensibility.ModelGenerationExtensionContext.#ctor">
      <summary>Instancie une nouvelle instance de la classe <see cref="M:Microsoft.Data.Entity.Design.Extensibility.ModelGenerationExtensionContext" />.</summary>
    </member>
    <member name="P:Microsoft.Data.Entity.Design.Extensibility.ModelGenerationExtensionContext.CurrentDocument">
      <summary>Représente le document .edmx à modifier.</summary>
      <returns>Représente le document .edmx à modifier.</returns>
    </member>
    <member name="P:Microsoft.Data.Entity.Design.Extensibility.ModelGenerationExtensionContext.GeneratedDocument">
      <summary>Représente le fichier .edmx d'origine généré par l'Assistant EDM.</summary>
      <returns>Représente le fichier .edmx d'origine généré par l'Assistant EDM.</returns>
    </member>
    <member name="P:Microsoft.Data.Entity.Design.Extensibility.ModelGenerationExtensionContext.WizardKind">
      <summary>Assistant qui a initié le processus de génération ou de mise à jour de fichiers .edmx.</summary>
      <returns>Assistant qui a initié le processus de génération ou de mise à jour de fichiers .edmx.</returns>
    </member>
    <member name="T:Microsoft.Data.Entity.Design.Extensibility.ModelTransformExtensionContext">
      <summary>Fournit des informations sur les fichiers et projets aux extensions Visual Studio qui étendent le chargement des fichiers et l'enregistrement de fichiers .edmx par Entity Data Model Designer.</summary>
    </member>
    <member name="M:Microsoft.Data.Entity.Design.Extensibility.ModelTransformExtensionContext.#ctor">
      <summary>Instancie une nouvelle instance de <see cref="T:Microsoft.Data.Entity.Design.Extensibility.ModelTransformExtensionContext" />.</summary>
    </member>
    <member name="P:Microsoft.Data.Entity.Design.Extensibility.ModelTransformExtensionContext.CurrentDocument">
      <summary>Fichier .edmx actuel sur lequel les extensions Visual Studio peuvent fonctionner.</summary>
      <returns>Fichier .edmx actuel sur lequel les extensions Visual Studio peuvent fonctionner.</returns>
    </member>
    <member name="P:Microsoft.Data.Entity.Design.Extensibility.ModelTransformExtensionContext.Errors">
      <summary>Liste des erreurs qui peuvent être affichées dans la Liste d'erreurs Visual Studio lorsque des fichiers .edmx sont chargés ou enregistrés par Entity Data Model Designer.</summary>
      <returns>Liste des erreurs qui peuvent être affichées dans la Liste d'erreurs Visual Studio lorsque des fichiers .edmx sont chargés ou enregistrés par Entity Data Model Designer.</returns>
    </member>
    <member name="P:Microsoft.Data.Entity.Design.Extensibility.ModelTransformExtensionContext.OriginalDocument">
      <summary>Fichier .edmx d'origine chargé en mémoire.</summary>
      <returns>Fichier .edmx d'origine chargé en mémoire.</returns>
    </member>
    <member name="P:Microsoft.Data.Entity.Design.Extensibility.ModelTransformExtensionContext.ProjectItem">
      <summary>Élément de projet Visual Studio actuel.</summary>
      <returns>Élément de projet Visual Studio actuel.</returns>
    </member>
    <member name="T:Microsoft.Data.Entity.Design.Extensibility.PropertyExtensionContext">
      <summary>Fournit des informations sur les fichiers et projets aux extensions Visual Studio qui ajoutent des propriétés personnalisées aux objets visibles dans Entity Data Model Designer ou l'explorateur de modèles.</summary>
    </member>
    <member name="M:Microsoft.Data.Entity.Design.Extensibility.PropertyExtensionContext.#ctor">
      <summary>Crée une instance de la classe <see cref="M:Microsoft.Data.Entity.Design.Extensibility.PropertyExtensionContext" />.</summary>
    </member>
    <member name="M:Microsoft.Data.Entity.Design.Extensibility.PropertyExtensionContext.CreateChangeScope(System.String)">
      <summary>Crée un objet <see cref="T:Microsoft.Data.Entity.Design.Extensibility.EntityDesignerChangeScope" /> et définit la chaîne qui s'affichera dans les listes déroulantes pour les boutons Annuler et Rétablir dans Visual Studio.</summary>
      <returns>Objet <see cref="T:Microsoft.Data.Entity.Design.Extensibility.EntityDesignerChangeScope" />.</returns>
      <param name="undoRedoDescription">Chaîne qui s'affichera dans les listes déroulantes pour les boutons Annuler et Rétablir dans Visual Studio.</param>
    </member>
    <member name="P:Microsoft.Data.Entity.Design.Extensibility.PropertyExtensionContext.ProjectItem">
      <summary>Élément de projet Visual Studio actuel.</summary>
      <returns>Élément de projet Visual Studio actuel.</returns>
    </member>
    <member name="T:Microsoft.Data.Entity.Design.Extensibility.UpdateModelExtensionContext">
      <summary>Fournit des informations sur les fichiers et projets aux extensions Visual Studio qui étendent le processus de mise à jour de fichiers .edmx de l'Assistant Mise à jour du modèle.</summary>
    </member>
    <member name="M:Microsoft.Data.Entity.Design.Extensibility.UpdateModelExtensionContext.#ctor">
      <summary>Instancie une nouvelle instance de <see cref="M:Microsoft.Data.Entity.Design.Extensibility.UpdateModelExtensionContext" />.</summary>
    </member>
    <member name="P:Microsoft.Data.Entity.Design.Extensibility.UpdateModelExtensionContext.OriginalDocument">
      <summary>Représente le fichier .edmx avant l'exécution de l'Assistant Mise à jour du modèle.</summary>
      <returns>Représente le fichier .edmx avant l'exécution de l'Assistant Mise à jour du modèle.</returns>
    </member>
    <member name="P:Microsoft.Data.Entity.Design.Extensibility.UpdateModelExtensionContext.ProjectItem">
      <summary>Élément de projet Visual Studio actuel.</summary>
      <returns>Élément de projet Visual Studio actuel.</returns>
    </member>
    <member name="P:Microsoft.Data.Entity.Design.Extensibility.UpdateModelExtensionContext.UpdateModelDocument">
      <summary>Représente le fichier .edmx après l'exécution de l'Assistant Mise à jour du modèle.</summary>
      <returns>Représente le fichier .edmx après l'exécution de l'Assistant Mise à jour du modèle.</returns>
    </member>
    <member name="T:Microsoft.Data.Entity.Design.Extensibility.WizardKind">
      <summary>Énumération qui fournit des informations sur l'Assistant qui a démarré un processus de génération ou de mise à jour de fichiers .edmx.</summary>
    </member>
    <member name="F:Microsoft.Data.Entity.Design.Extensibility.WizardKind.None">
      <summary>Indique qu'aucun Assistant n'a démarré de processus de modification de fichiers .edmx.</summary>
    </member>
    <member name="F:Microsoft.Data.Entity.Design.Extensibility.WizardKind.Generate">
      <summary>Indique que l'Assistant EDM a démarré un processus de génération de fichiers .edmx.</summary>
    </member>
    <member name="F:Microsoft.Data.Entity.Design.Extensibility.WizardKind.UpdateModel">
      <summary>Indique que l'Assistant Mise à jour du modèle a démarré un processus de mise à jour de fichiers .edmx.</summary>
    </member>
  </members>
</doc>