﻿<?xml version="1.0" encoding="utf-8"?>
<doc>
  <assembly>
    <name>Microsoft.Data.Entity.Design.Extensibility</name>
  </assembly>
  <members>
    <member name="T:Microsoft.Data.Entity.Design.Extensibility.EntityDesignerChangeScope">
      <summary>建立能夠使用 Visual Studio 中的 [復原] 和 [重做] 按鈕復原或重做的工作單元。</summary>
    </member>
    <member name="M:Microsoft.Data.Entity.Design.Extensibility.EntityDesignerChangeScope.#ctor">
      <summary>執行個體化 <see cref="T:Microsoft.Data.Entity.Design.Extensibility.EntityDesignerChangeScope" /> 的新執行個體。</summary>
    </member>
    <member name="M:Microsoft.Data.Entity.Design.Extensibility.EntityDesignerChangeScope.Complete">
      <summary>認可變更範圍內的所有作業。</summary>
    </member>
    <member name="M:Microsoft.Data.Entity.Design.Extensibility.EntityDesignerChangeScope.Dispose">
      <summary>釋放 <see cref="T:Microsoft.Data.Entity.Design.Extensibility.EntityDesignerChangeScope" /> 類別目前的執行個體所使用的全部資源。</summary>
    </member>
    <member name="T:Microsoft.Data.Entity.Design.Extensibility.EntityDesignerExtendedPropertyAttribute">
      <summary>在實體資料模型設計工具或模型瀏覽器中，指定使用者選取時，會造成呼叫附註類別之 <see cref="M:Microsoft.Data.Entity.Design.Extensibility.IEntityDesignerExtendedProperty.CreateProperty(System.Xml.Linq.XElement,Microsoft.Data.Entity.Design.Extensibility.PropertyExtensionContext)" /> 方法的物件。</summary>
    </member>
    <member name="M:Microsoft.Data.Entity.Design.Extensibility.EntityDesignerExtendedPropertyAttribute.#ctor(Microsoft.Data.Entity.Design.Extensibility.EntityDesignerSelection)">
      <summary>產生實體一個新的執行個體的<see cref="T:Microsoft.Data.Entity.Design.Extensibility.EntityDesignerExtendedPropertyAttribute" />類別。</summary>
      <param name="entityDesignerSelection">4Ccd7ad6-b934-4f7c-82a0-cfd2d4a95faf 實體資料模型設計器或流覽器 94e836e8-a5ea-47ff-aa3e-599d8a02ebfd 模型中的物件，當使用者選擇，觸發的呼喚<see cref="M:Microsoft.Data.Entity.Design.Extensibility.IEntityDesignerExtendedProperty.CreateProperty" />方法。</param>
    </member>
    <member name="P:Microsoft.Data.Entity.Design.Extensibility.EntityDesignerExtendedPropertyAttribute.EntityDesignerSelection">
      <summary>實體資料模型設計工具或模型瀏覽器中的物件，當使用者選取該物件時，會觸發 <see cref="M:Microsoft.Data.Entity.Design.Extensibility.IEntityDesignerExtendedProperty.CreateProperty" /> 方法的呼叫。</summary>
      <returns>實體資料模型設計工具中的物件，選取該物件時，會觸發 <see cref="M:Microsoft.Data.Entity.Design.Extensibility.IEntityDesignerExtendedProperty.CreateProperty" /> 方法的呼叫。</returns>
    </member>
    <member name="T:Microsoft.Data.Entity.Design.Extensibility.EntityDesignerSelection">
      <summary>列舉，用來指定在實體資料模型設計工具或模型瀏覽器中選取時，會造成呼叫附註類別之 <see cref="M:Microsoft.Data.Entity.Design.Extensibility.IEntityDesignerExtendedProperty.CreateProperty(System.Xml.Linq.XElement,Microsoft.Data.Entity.Design.Extensibility.PropertyExtensionContext)" /> 方法的物件型別。</summary>
    </member>
    <member name="F:Microsoft.Data.Entity.Design.Extensibility.EntityDesignerSelection.DesignerSurface">
      <summary>指定 <see cref="M:Microsoft.Data.Entity.Design.Extensibility.IEntityDesignerExtendedProperty.CreateProperty(System.Xml.Linq.XElement,Microsoft.Data.Entity.Design.Extensibility.PropertyExtensionContext)" /> 方法應在實體資料模型設計工具中選取了Entity Data Model設計工具介面時呼叫。</summary>
    </member>
    <member name="F:Microsoft.Data.Entity.Design.Extensibility.EntityDesignerSelection.ConceptualModelEntitySet">
      <summary>指定 <see cref="M:Microsoft.Data.Entity.Design.Extensibility.IEntityDesignerExtendedProperty.CreateProperty(System.Xml.Linq.XElement,Microsoft.Data.Entity.Design.Extensibility.PropertyExtensionContext)" /> 方法應在模型瀏覽器中選取了概念模型實體集時呼叫。</summary>
    </member>
    <member name="F:Microsoft.Data.Entity.Design.Extensibility.EntityDesignerSelection.ConceptualModelAssociationSet">
      <summary>指定 <see cref="M:Microsoft.Data.Entity.Design.Extensibility.IEntityDesignerExtendedProperty.CreateProperty(System.Xml.Linq.XElement,Microsoft.Data.Entity.Design.Extensibility.PropertyExtensionContext)" /> 方法應在模型瀏覽器中選取了概念模型關聯集時呼叫。</summary>
    </member>
    <member name="F:Microsoft.Data.Entity.Design.Extensibility.EntityDesignerSelection.ConceptualModelEntityContainer">
      <summary>指定 <see cref="M:Microsoft.Data.Entity.Design.Extensibility.IEntityDesignerExtendedProperty.CreateProperty(System.Xml.Linq.XElement,Microsoft.Data.Entity.Design.Extensibility.PropertyExtensionContext)" /> 方法應在模型瀏覽器中選取了概念模型實體容器時呼叫。</summary>
    </member>
    <member name="F:Microsoft.Data.Entity.Design.Extensibility.EntityDesignerSelection.ConceptualModelEntityType">
      <summary>指定 <see cref="M:Microsoft.Data.Entity.Design.Extensibility.IEntityDesignerExtendedProperty.CreateProperty(System.Xml.Linq.XElement,Microsoft.Data.Entity.Design.Extensibility.PropertyExtensionContext)" /> 方法應在實體資料模型設計工具或模型瀏覽器中選取了概念模型實體類型時呼叫。</summary>
    </member>
    <member name="F:Microsoft.Data.Entity.Design.Extensibility.EntityDesignerSelection.ConceptualModelProperty">
      <summary>指定 <see cref="M:Microsoft.Data.Entity.Design.Extensibility.IEntityDesignerExtendedProperty.CreateProperty(System.Xml.Linq.XElement,Microsoft.Data.Entity.Design.Extensibility.PropertyExtensionContext)" /> 方法應在實體資料模型設計工具或模型瀏覽器中選取了概念模型屬性時呼叫。</summary>
    </member>
    <member name="F:Microsoft.Data.Entity.Design.Extensibility.EntityDesignerSelection.ConceptualModelNavigationProperty">
      <summary>指定 <see cref="M:Microsoft.Data.Entity.Design.Extensibility.IEntityDesignerExtendedProperty.CreateProperty(System.Xml.Linq.XElement,Microsoft.Data.Entity.Design.Extensibility.PropertyExtensionContext)" /> 方法應在實體資料模型設計工具或模型瀏覽器中選取了概念模型導覽屬性時呼叫。</summary>
    </member>
    <member name="F:Microsoft.Data.Entity.Design.Extensibility.EntityDesignerSelection.ConceptualModelAssociation">
      <summary>指定 <see cref="M:Microsoft.Data.Entity.Design.Extensibility.IEntityDesignerExtendedProperty.CreateProperty(System.Xml.Linq.XElement,Microsoft.Data.Entity.Design.Extensibility.PropertyExtensionContext)" /> 方法應在實體資料模型設計工具或模型瀏覽器中選取了概念模型關聯時呼叫。</summary>
    </member>
    <member name="F:Microsoft.Data.Entity.Design.Extensibility.EntityDesignerSelection.ConceptualModelComplexType">
      <summary>指定 <see cref="M:Microsoft.Data.Entity.Design.Extensibility.IEntityDesignerExtendedProperty.CreateProperty(System.Xml.Linq.XElement,Microsoft.Data.Entity.Design.Extensibility.PropertyExtensionContext)" /> 方法應在實體資料模型設計工具或模型瀏覽器中選取了概念模型複雜屬性時呼叫。</summary>
    </member>
    <member name="F:Microsoft.Data.Entity.Design.Extensibility.EntityDesignerSelection.ConceptualModelComplexProperty">
      <summary>指定 <see cref="M:Microsoft.Data.Entity.Design.Extensibility.IEntityDesignerExtendedProperty.CreateProperty(System.Xml.Linq.XElement,Microsoft.Data.Entity.Design.Extensibility.PropertyExtensionContext)" /> 方法應在模型瀏覽器中選取了概念模型複雜屬性時呼叫。</summary>
    </member>
    <member name="F:Microsoft.Data.Entity.Design.Extensibility.EntityDesignerSelection.ConceptualModelFunctionImport">
      <summary>指定 <see cref="M:Microsoft.Data.Entity.Design.Extensibility.IEntityDesignerExtendedProperty.CreateProperty(System.Xml.Linq.XElement,Microsoft.Data.Entity.Design.Extensibility.PropertyExtensionContext)" /> 方法應在模型瀏覽器中選取了概念模型函式匯入時呼叫。</summary>
    </member>
    <member name="F:Microsoft.Data.Entity.Design.Extensibility.EntityDesignerSelection.ConceptualModelFunctionImportParameter">
      <summary>指定 <see cref="M:Microsoft.Data.Entity.Design.Extensibility.IEntityDesignerExtendedProperty.CreateProperty(System.Xml.Linq.XElement,Microsoft.Data.Entity.Design.Extensibility.PropertyExtensionContext)" /> 方法應在模型瀏覽器中選取了概念模型函式匯入參數時呼叫。</summary>
    </member>
    <member name="F:Microsoft.Data.Entity.Design.Extensibility.EntityDesignerSelection.StorageModelEntityContainer">
      <summary>指定 <see cref="M:Microsoft.Data.Entity.Design.Extensibility.IEntityDesignerExtendedProperty.CreateProperty(System.Xml.Linq.XElement,Microsoft.Data.Entity.Design.Extensibility.PropertyExtensionContext)" /> 方法應在模型瀏覽器中選取了儲存體模型實體容器時呼叫。</summary>
    </member>
    <member name="F:Microsoft.Data.Entity.Design.Extensibility.EntityDesignerSelection.StorageModelEntityType">
      <summary>指定 <see cref="M:Microsoft.Data.Entity.Design.Extensibility.IEntityDesignerExtendedProperty.CreateProperty(System.Xml.Linq.XElement,Microsoft.Data.Entity.Design.Extensibility.PropertyExtensionContext)" /> 方法應在模型瀏覽器中選取了儲存體模型實體類型時呼叫。</summary>
    </member>
    <member name="F:Microsoft.Data.Entity.Design.Extensibility.EntityDesignerSelection.StorageModelProperty">
      <summary>指定 <see cref="M:Microsoft.Data.Entity.Design.Extensibility.IEntityDesignerExtendedProperty.CreateProperty(System.Xml.Linq.XElement,Microsoft.Data.Entity.Design.Extensibility.PropertyExtensionContext)" /> 方法應在模型瀏覽器中選取了儲存體模型屬性時呼叫。</summary>
    </member>
    <member name="F:Microsoft.Data.Entity.Design.Extensibility.EntityDesignerSelection.StorageModelAssociation">
      <summary>指定 <see cref="M:Microsoft.Data.Entity.Design.Extensibility.IEntityDesignerExtendedProperty.CreateProperty(System.Xml.Linq.XElement,Microsoft.Data.Entity.Design.Extensibility.PropertyExtensionContext)" /> 方法應在模型瀏覽器中選取了儲存體模型關聯時呼叫。</summary>
    </member>
    <member name="F:Microsoft.Data.Entity.Design.Extensibility.EntityDesignerSelection.StorageModelFunction">
      <summary>指定 <see cref="M:Microsoft.Data.Entity.Design.Extensibility.IEntityDesignerExtendedProperty.CreateProperty(System.Xml.Linq.XElement,Microsoft.Data.Entity.Design.Extensibility.PropertyExtensionContext)" /> 方法應在模型瀏覽器中選取了儲存體模型函式時呼叫。</summary>
    </member>
    <member name="F:Microsoft.Data.Entity.Design.Extensibility.EntityDesignerSelection.StorageModelFunctionParameter">
      <summary>指定 <see cref="M:Microsoft.Data.Entity.Design.Extensibility.IEntityDesignerExtendedProperty.CreateProperty(System.Xml.Linq.XElement,Microsoft.Data.Entity.Design.Extensibility.PropertyExtensionContext)" /> 方法應在模型瀏覽器中選取了儲存體模型函式參數時呼叫。</summary>
    </member>
    <member name="T:Microsoft.Data.Entity.Design.Extensibility.ExtensionContext">
      <summary>
        <see cref="T:Microsoft.Data.Entity.Design.Extensibility.ModelGenerationExtensionContext" />、<see cref="T:Microsoft.Data.Entity.Design.Extensibility.PropertyExtensionContext" />、<see cref="T:Microsoft.Data.Entity.Design.Extensibility.ModelTransformExtensionContext" /> 和 <see cref="T:Microsoft.Data.Entity.Design.Extensibility.ModelConversionExtensionContext" /> 類別的基底類別。</summary>
    </member>
    <member name="M:Microsoft.Data.Entity.Design.Extensibility.ExtensionContext.#ctor">
      <summary>產生實體一個新的執行個體的 <see cref="M:Microsoft.Data.Entity.Design.Extensibility.ExtensionContext" />.</summary>
    </member>
    <member name="P:Microsoft.Data.Entity.Design.Extensibility.ExtensionContext.EntityFrameworkVersion">
      <summary>做為目標的 Entity Framework 版本。</summary>
      <returns>做為目標的 Entity Framework 版本。</returns>
    </member>
    <member name="P:Microsoft.Data.Entity.Design.Extensibility.ExtensionContext.Project">
      <summary>目前的 Visual Studio 專案。</summary>
      <returns>目前的 Visual Studio 專案。</returns>
    </member>
    <member name="T:Microsoft.Data.Entity.Design.Extensibility.ExtensionError">
      <summary>封裝擴充實體資料模型設計工具功能之 Visual Studio 擴充功能的自訂錯誤資訊。</summary>
    </member>
    <member name="M:Microsoft.Data.Entity.Design.Extensibility.ExtensionError.#ctor(System.String,System.Int32,Microsoft.Data.Entity.Design.Extensibility.ExtensionErrorSeverity)">
      <summary>執行個體化 <see cref="T:Microsoft.Data.Entity.Design.Extensibility.ExtensionError" /> 的新執行個體。</summary>
      <param name="message">描述錯誤的訊息。</param>
      <param name="errorCode">與錯誤相關聯的錯誤碼。</param>
      <param name="severity">錯誤的嚴重性。</param>
    </member>
    <member name="M:Microsoft.Data.Entity.Design.Extensibility.ExtensionError.#ctor(System.String,System.Int32,Microsoft.Data.Entity.Design.Extensibility.ExtensionErrorSeverity,System.Int32,System.Int32)">
      <summary>執行個體化 <see cref="T:Microsoft.Data.Entity.Design.Extensibility.ExtensionError" /> 的新執行個體。</summary>
      <param name="message">描述錯誤的訊息。</param>
      <param name="errorCode">與錯誤相關聯的錯誤碼。</param>
      <param name="severity">錯誤的嚴重性。</param>
      <param name="line">發生錯誤的輸入或輸出文件行。</param>
      <param name="column">發生錯誤的輸入或輸出文件資料行。</param>
    </member>
    <member name="P:Microsoft.Data.Entity.Design.Extensibility.ExtensionError.Column">
      <summary>發生錯誤的輸入或輸出文件資料行。</summary>
      <returns>發生錯誤的輸入或輸出文件資料行。</returns>
    </member>
    <member name="P:Microsoft.Data.Entity.Design.Extensibility.ExtensionError.ErrorCode">
      <summary>與錯誤相關聯的錯誤碼。</summary>
      <returns>與錯誤相關聯的錯誤碼。</returns>
    </member>
    <member name="P:Microsoft.Data.Entity.Design.Extensibility.ExtensionError.Line">
      <summary>發生錯誤的輸入或輸出文件行。</summary>
      <returns>發生錯誤的輸入或輸出文件行。</returns>
    </member>
    <member name="P:Microsoft.Data.Entity.Design.Extensibility.ExtensionError.Message">
      <summary>描述錯誤的訊息。</summary>
      <returns>描述錯誤的訊息。</returns>
    </member>
    <member name="P:Microsoft.Data.Entity.Design.Extensibility.ExtensionError.Severity">
      <summary>錯誤的嚴重性。</summary>
      <returns>錯誤的嚴重性。</returns>
    </member>
    <member name="T:Microsoft.Data.Entity.Design.Extensibility.ExtensionErrorSeverity">
      <summary>描述 <see cref="T:Microsoft.Data.Entity.Design.Extensibility.ExtensionError" /> 嚴重性的列舉。</summary>
    </member>
    <member name="F:Microsoft.Data.Entity.Design.Extensibility.ExtensionErrorSeverity.Warning">
      <summary>指出 <see cref="T:Microsoft.Data.Entity.Design.Extensibility.ExtensionError" /> 的嚴重性為 Warning。含有這種嚴重性的 <see cref="T:Microsoft.Data.Entity.Design.Extensibility.ExtensionError" /> 會在 Visual Studio [錯誤清單] 中顯示為警告。</summary>
    </member>
    <member name="F:Microsoft.Data.Entity.Design.Extensibility.ExtensionErrorSeverity.Error">
      <summary>指出 <see cref="T:Microsoft.Data.Entity.Design.Extensibility.ExtensionError" /> 的嚴重性為 Error。含有這種嚴重性的 <see cref="T:Microsoft.Data.Entity.Design.Extensibility.ExtensionError" /> 會在 Visual Studio [錯誤清單] 中顯示為錯誤。</summary>
    </member>
    <member name="F:Microsoft.Data.Entity.Design.Extensibility.ExtensionErrorSeverity.Message">
      <summary>指出 <see cref="T:Microsoft.Data.Entity.Design.Extensibility.ExtensionError" /> 的嚴重性為 Message。含有這種嚴重性的 <see cref="T:Microsoft.Data.Entity.Design.Extensibility.ExtensionError" /> 會在 Visual Studio [錯誤清單] 中顯示為訊息。</summary>
    </member>
    <member name="T:Microsoft.Data.Entity.Design.Extensibility.IEntityDesignerExtendedProperty">
      <summary>公開將屬性加入至物件的方法，這些物件可在實體資料模型設計工具或模型瀏覽器中對使用者顯示</summary>
    </member>
    <member name="M:Microsoft.Data.Entity.Design.Extensibility.IEntityDesignerExtendedProperty.CreateProperty(System.Xml.Linq.XElement,Microsoft.Data.Entity.Design.Extensibility.PropertyExtensionContext)">
      <summary>為實體資料模型設計工具或模型瀏覽器中選取的物件建立新屬性。</summary>
      <returns>Visual Studio [屬性] 視窗中顯示其公用屬性的物件。如需詳細資訊，請參閱 <see cref="T:System.Windows.Forms.PropertyGrid" />。</returns>
      <param name="xElement">4Ccd7ad6-b934-4f7c-82a0-cfd2d4a95faf 實體資料模型設計器或 94e836e8-a5ea-47ff-aa3e-599d8a02ebfd 模型流覽器中選擇的物件定義的.edmx 檔中的元素</param>
      <param name="context">提供檔和Visual Studio專案資訊。</param>
    </member>
    <member name="T:Microsoft.Data.Entity.Design.Extensibility.IModelConversionExtension">
      <summary>公開在自訂檔案格式與實體資料模型設計工具可讀取的 .edmx 檔格式之間轉換的方法。</summary>
    </member>
    <member name="M:Microsoft.Data.Entity.Design.Extensibility.IModelConversionExtension.OnAfterFileLoaded(Microsoft.Data.Entity.Design.Extensibility.ModelConversionExtensionContext)">
      <summary>定義自訂功能，用於載入自訂格式的檔案並且將檔案轉換成 .edmx 格式。</summary>
      <param name="context">提供檔案和 Visual Studio 專案資訊。</param>
    </member>
    <member name="M:Microsoft.Data.Entity.Design.Extensibility.IModelConversionExtension.OnBeforeFileSaved(Microsoft.Data.Entity.Design.Extensibility.ModelConversionExtensionContext)">
      <summary>定義自訂功能，用於在儲存檔案之前，將 .edmx 檔轉換成自訂格式的檔案。</summary>
      <param name="context">提供檔案和 Visual Studio 專案資訊。</param>
    </member>
    <member name="T:Microsoft.Data.Entity.Design.Extensibility.IModelGenerationExtension">
      <summary>公開自訂產生 .edmx 檔的方法。</summary>
    </member>
    <member name="M:Microsoft.Data.Entity.Design.Extensibility.IModelGenerationExtension.OnAfterModelGenerated(Microsoft.Data.Entity.Design.Extensibility.ModelGenerationExtensionContext)">
      <summary>定義自訂功能，此功能是在實體資料模型精靈產生 .edmx 檔之後執行。</summary>
      <param name="context">提供檔案和 Visual Studio 專案資訊。</param>
    </member>
    <member name="M:Microsoft.Data.Entity.Design.Extensibility.IModelGenerationExtension.OnAfterModelUpdated(Microsoft.Data.Entity.Design.Extensibility.UpdateModelExtensionContext)">
      <summary>定義功能，此功能是在更新模型精靈更新 .edmx 檔之後執行。</summary>
      <param name="context">提供檔案資訊和 Visual Studio 專案資訊。</param>
    </member>
    <member name="T:Microsoft.Data.Entity.Design.Extensibility.IModelTransformExtension">
      <summary>公開擴充 .edmx 檔載入和儲存程序的方法。</summary>
    </member>
    <member name="M:Microsoft.Data.Entity.Design.Extensibility.IModelTransformExtension.OnAfterModelLoaded(Microsoft.Data.Entity.Design.Extensibility.ModelTransformExtensionContext)">
      <summary>定義擴充實體資料模型設計工具載入 .edmx 檔所採用程序的功能。</summary>
      <param name="context">提供檔案和 Visual Studio 專案資訊。</param>
    </member>
    <member name="M:Microsoft.Data.Entity.Design.Extensibility.IModelTransformExtension.OnBeforeModelSaved(Microsoft.Data.Entity.Design.Extensibility.ModelTransformExtensionContext)">
      <summary>定義擴充實體資料模型設計工具儲存 .edmx 檔所採用程序的功能。</summary>
      <param name="context">提供檔案和 Visual Studio 專案資訊。</param>
    </member>
    <member name="T:Microsoft.Data.Entity.Design.Extensibility.ModelConversionExtensionContext">
      <summary>提供檔案和專案資訊給 Visual Studio 擴充功能，以便啟用下載和儲存自訂檔案格式的功能。</summary>
    </member>
    <member name="M:Microsoft.Data.Entity.Design.Extensibility.ModelConversionExtensionContext.#ctor">
      <summary>建立 <see cref="T:Microsoft.Data.Entity.Design.Extensibility.ModelConversionExtensionContext" /> 類別的新執行個體。</summary>
    </member>
    <member name="P:Microsoft.Data.Entity.Design.Extensibility.ModelConversionExtensionContext.CurrentDocument">
      <summary>從自訂檔案格式轉換成 .edmx 文件之後，將該文件傳回。</summary>
      <returns>從自訂檔案格式轉換而來的 .edmx 文件。</returns>
    </member>
    <member name="P:Microsoft.Data.Entity.Design.Extensibility.ModelConversionExtensionContext.Errors">
      <summary>載入自訂檔案格式以及轉換成自訂檔案格式時，可在 Visual Studio [錯誤清單] 中顯示的錯誤清單。</summary>
      <returns>載入自訂檔案格式以及轉換成自訂檔案格式時，可在 Visual Studio [錯誤清單] 中顯示的錯誤清單。</returns>
    </member>
    <member name="P:Microsoft.Data.Entity.Design.Extensibility.ModelConversionExtensionContext.FileInfo">
      <summary>傳回實體資料模型設計工具正在處理的自訂檔案相關資訊。</summary>
      <returns>實體資料模型設計工具正在處理的自訂檔案相關資訊。</returns>
    </member>
    <member name="P:Microsoft.Data.Entity.Design.Extensibility.ModelConversionExtensionContext.OriginalDocument">
      <summary>傳回實體設計工具開啟或儲存的原始檔案。</summary>
      <returns>實體設計工具開啟或儲存的原始檔案。</returns>
    </member>
    <member name="P:Microsoft.Data.Entity.Design.Extensibility.ModelConversionExtensionContext.ProjectItem">
      <summary>目前的 Visual Studio 專案項目。</summary>
      <returns>目前的 Visual Studio 專案項目。</returns>
    </member>
    <member name="T:Microsoft.Data.Entity.Design.Extensibility.ModelFileExtensionAttribute">
      <summary>指定實體資料模型設計工具可以載入或儲存的自訂副檔名。</summary>
    </member>
    <member name="M:Microsoft.Data.Entity.Design.Extensibility.ModelFileExtensionAttribute.#ctor(System.String)">
      <summary>建立 <see cref="T:Microsoft.Data.Entity.Design.Extensibility.ModelFileExtensionAttribute" /> 類別的新執行個體。</summary>
      <param name="fileExtension">自訂檔，可以載入和保存 4ccd7ad6-b934-4f7c-82a0-cfd2d4a95faf 實體資料模型設計器的檔副檔名。</param>
    </member>
    <member name="P:Microsoft.Data.Entity.Design.Extensibility.ModelFileExtensionAttribute.FileExtension">
      <summary>實體資料模型設計工具可載入和儲存之自訂檔案的副檔名。</summary>
      <returns>實體資料模型設計工具可載入和儲存之自訂檔案的副檔名。</returns>
    </member>
    <member name="T:Microsoft.Data.Entity.Design.Extensibility.ModelGenerationExtensionContext">
      <summary>提供檔案和專案資訊給 Visual Studio 擴充功能，這些擴充功能會擴充實體資料模型精靈的 .edmx 檔產生程序。</summary>
    </member>
    <member name="M:Microsoft.Data.Entity.Design.Extensibility.ModelGenerationExtensionContext.#ctor">
      <summary>執行個體化 <see cref="M:Microsoft.Data.Entity.Design.Extensibility.ModelGenerationExtensionContext" /> 類別的新執行個體。</summary>
    </member>
    <member name="P:Microsoft.Data.Entity.Design.Extensibility.ModelGenerationExtensionContext.CurrentDocument">
      <summary>表示要修改的 .edmx 文件。</summary>
      <returns>表示要修改的 .edmx 文件。</returns>
    </member>
    <member name="P:Microsoft.Data.Entity.Design.Extensibility.ModelGenerationExtensionContext.GeneratedDocument">
      <summary>表示實體資料模型精靈所產生的原始 .edmx 檔。</summary>
      <returns>表示實體資料模型精靈所產生的原始 .edmx 檔。</returns>
    </member>
    <member name="P:Microsoft.Data.Entity.Design.Extensibility.ModelGenerationExtensionContext.WizardKind">
      <summary>初始化 .edmx 檔產生或更新程序的精靈。</summary>
      <returns>初始化 .edmx 檔產生或更新程序的精靈。</returns>
    </member>
    <member name="T:Microsoft.Data.Entity.Design.Extensibility.ModelTransformExtensionContext">
      <summary>提供檔案和專案資訊給 Visual Studio 擴充功能，這些擴充功能會藉由實體資料模型設計工具擴充 .edmx 檔的檔案載入及儲存。</summary>
    </member>
    <member name="M:Microsoft.Data.Entity.Design.Extensibility.ModelTransformExtensionContext.#ctor">
      <summary>執行個體化 <see cref="T:Microsoft.Data.Entity.Design.Extensibility.ModelTransformExtensionContext" /> 的新執行個體。</summary>
    </member>
    <member name="P:Microsoft.Data.Entity.Design.Extensibility.ModelTransformExtensionContext.CurrentDocument">
      <summary>目前的 .edmx 檔，Visual Studio 擴充功能可在此檔案上操作。</summary>
      <returns>目前的 .edmx 檔，Visual Studio 擴充功能可在此檔案上操作。</returns>
    </member>
    <member name="P:Microsoft.Data.Entity.Design.Extensibility.ModelTransformExtensionContext.Errors">
      <summary>可以在實體資料模型設計工具載入或儲存 .edmx 檔時於 Visual Studio [錯誤清單] 中顯示的錯誤清單。</summary>
      <returns>可以在實體資料模型設計工具載入或儲存 .edmx 檔時於 Visual Studio [錯誤清單] 中顯示的錯誤清單。</returns>
    </member>
    <member name="P:Microsoft.Data.Entity.Design.Extensibility.ModelTransformExtensionContext.OriginalDocument">
      <summary>載入記憶體的原始 .edmx 檔。</summary>
      <returns>載入記憶體的原始 .edmx 檔。</returns>
    </member>
    <member name="P:Microsoft.Data.Entity.Design.Extensibility.ModelTransformExtensionContext.ProjectItem">
      <summary>目前的 Visual Studio 專案項目。</summary>
      <returns>目前的 Visual Studio 專案項目。</returns>
    </member>
    <member name="T:Microsoft.Data.Entity.Design.Extensibility.PropertyExtensionContext">
      <summary>為 Visual Studio 擴充功能提供檔案和專案資訊，這些擴充功能會將自訂屬性加入至實體資料模型設計工具或模型瀏覽器中可看見的物件。</summary>
    </member>
    <member name="M:Microsoft.Data.Entity.Design.Extensibility.PropertyExtensionContext.#ctor">
      <summary>建立 <see cref="M:Microsoft.Data.Entity.Design.Extensibility.PropertyExtensionContext" /> 類別的新執行個體。</summary>
    </member>
    <member name="M:Microsoft.Data.Entity.Design.Extensibility.PropertyExtensionContext.CreateChangeScope(System.String)">
      <summary>建立 <see cref="T:Microsoft.Data.Entity.Design.Extensibility.EntityDesignerChangeScope" /> 物件，並設定將出現在 Visual Studio 中 [復原] 和 [重做] 按鈕的下拉式清單中的字串。</summary>
      <returns>
        <see cref="T:Microsoft.Data.Entity.Design.Extensibility.EntityDesignerChangeScope" /> 物件。</returns>
      <param name="undoRedoDescription">將出現在 Visual Studio 中 [復原] 和 [重做] 按鈕的下拉式清單中的字串。</param>
    </member>
    <member name="P:Microsoft.Data.Entity.Design.Extensibility.PropertyExtensionContext.ProjectItem">
      <summary>目前的 Visual Studio 專案項目。</summary>
      <returns>目前的 Visual Studio 專案項目。</returns>
    </member>
    <member name="T:Microsoft.Data.Entity.Design.Extensibility.UpdateModelExtensionContext">
      <summary>提供檔案和專案資訊給 Visual Studio 擴充功能，這些擴充功能會擴充更新模型精靈的 .edmx 檔更新程序。</summary>
    </member>
    <member name="M:Microsoft.Data.Entity.Design.Extensibility.UpdateModelExtensionContext.#ctor">
      <summary>執行個體化 <see cref="M:Microsoft.Data.Entity.Design.Extensibility.UpdateModelExtensionContext" /> 的新執行個體。</summary>
    </member>
    <member name="P:Microsoft.Data.Entity.Design.Extensibility.UpdateModelExtensionContext.OriginalDocument">
      <summary>表示更新模型經靈執行之前的 .edmx 檔。</summary>
      <returns>表示更新模型經靈執行之前的 .edmx 檔。</returns>
    </member>
    <member name="P:Microsoft.Data.Entity.Design.Extensibility.UpdateModelExtensionContext.ProjectItem">
      <summary>目前的 Visual Studio 專案項目。</summary>
      <returns>目前的 Visual Studio 專案項目。</returns>
    </member>
    <member name="P:Microsoft.Data.Entity.Design.Extensibility.UpdateModelExtensionContext.UpdateModelDocument">
      <summary>表示更新模型經靈執行之後的 .edmx 檔。</summary>
      <returns>表示更新模型經靈執行之後的 .edmx 檔。</returns>
    </member>
    <member name="T:Microsoft.Data.Entity.Design.Extensibility.WizardKind">
      <summary>提供資訊的列舉，這項資訊與精靈啟動 .edmx 檔產生或更新程序相關。</summary>
    </member>
    <member name="F:Microsoft.Data.Entity.Design.Extensibility.WizardKind.None">
      <summary>指出沒有精靈啟動 .edmx 檔案修改程序。</summary>
    </member>
    <member name="F:Microsoft.Data.Entity.Design.Extensibility.WizardKind.Generate">
      <summary>指出實體資料模型精靈啟動 .edmx 檔案產生程序。</summary>
    </member>
    <member name="F:Microsoft.Data.Entity.Design.Extensibility.WizardKind.UpdateModel">
      <summary>指出更新模型精靈啟動 .edmx 檔案更新程序。</summary>
    </member>
  </members>
</doc>